po_id,warehouse_id,product_id,po_date,arrival_date,manufacturing_date,expire_date,qty,unit,po_price_per_unit,po_price_total,lead_time_days
PO-0001,WH-0002,SKU-0044,2023-03-12,2023-03-22,2023-02-19,2024-03-21,56,piece,60.63,3395.28,10
PO-0002,WH-0001,SKU-0059,2023-04-19,2023-04-27,2023-04-07,2023-05-27,412,piece,21.47,8845.64,8
PO-0003,WH-0002,SKU-0079,2024-06-18,2024-06-30,2024-06-09,2024-08-29,463,piece,5.67,2625.21,12
PO-0004,WH-0001,SKU-0076,2024-04-21,2024-04-29,2024-03-25,2024-05-13,187,piece,71.61,13391.07,8
PO-0005,WH-0003,SKU-0058,2023-03-30,2023-04-05,2023-03-01,2023-04-19,174,piece,28.79,5009.46,6
PO-0006,WH-0002,SKU-0064,2024-01-24,2024-01-31,2024-01-23,2024-02-07,485,piece,71.71,34779.35,7
PO-0007,WH-0003,SKU-0034,2023-08-06,2023-08-13,2023-07-11,2024-08-12,224,piece,8.93,2000.32,7
PO-0008,WH-0003,SKU-0067,2023-10-10,2023-10-20,2023-10-09,2023-11-19,147,piece,10.54,1549.38,10
PO-0009,WH-0003,SKU-0031,2024-02-21,2024-03-01,2024-02-03,2024-08-28,403,piece,51.38,20706.14,9
PO-0010,WH-0002,SKU-0003,2024-05-17,2024-05-26,2024-04-21,2025-05-26,97,piece,42.15,4088.55,9
PO-0011,WH-0003,SKU-0075,2023-09-07,2023-09-13,2023-08-16,2023-11-12,238,piece,46.13,10978.94,6
PO-0012,WH-0002,SKU-0071,2023-12-19,2023-12-27,2023-11-25,2024-01-10,219,piece,43.43,9511.17,8
PO-0013,WH-0002,SKU-0030,2023-10-05,2023-10-11,2023-09-26,2023-10-25,111,piece,14.51,1610.61,6
PO-0014,WH-0002,SKU-0024,2023-05-03,2023-05-16,2023-04-15,2024-05-15,148,piece,22.25,3293.0,13
PO-0015,WH-0001,SKU-0068,2023-10-11,2023-10-24,2023-09-22,2023-12-23,355,piece,41.9,14874.5,13
PO-0016,WH-0003,SKU-0047,2023-07-18,2023-07-24,2023-07-10,2023-07-31,141,piece,7.13,1005.33,6
PO-0017,WH-0003,SKU-0006,2024-06-30,2024-07-04,2024-06-21,2024-07-11,77,piece,80.21,6176.17,4
PO-0018,WH-0003,SKU-0063,2023-05-10,2023-05-22,2023-04-12,2023-05-29,102,piece,9.27,945.54,12
PO-0019,WH-0001,SKU-0057,2023-10-19,2023-10-28,2023-10-03,2023-11-27,224,piece,6.69,1498.56,9
PO-0020,WH-0003,SKU-0009,2023-09-16,2023-09-25,2023-09-12,2023-10-09,255,piece,46.54,11867.7,9
PO-0021,WH-0001,SKU-0073,2023-02-24,2023-02-28,2023-02-19,2023-03-14,205,piece,6.32,1295.6,4
PO-0022,WH-0003,SKU-0054,2023-05-02,2023-05-12,2023-04-07,2023-07-11,360,piece,8.24,2966.4,10
PO-0023,WH-0002,SKU-0049,2023-08-20,2023-09-03,2023-08-03,2023-10-03,280,piece,43.27,12115.6,14
PO-0024,WH-0003,SKU-0080,2024-03-15,2024-03-21,2024-02-25,2024-03-28,80,piece,54.69,4375.2,6
PO-0025,WH-0001,SKU-0028,2023-04-12,2023-04-26,2023-04-05,2023-05-26,185,piece,10.74,1986.9,14
PO-0026,WH-0002,SKU-0010,2023-09-03,2023-09-07,2023-08-16,2023-11-06,130,piece,14.02,1822.6,4
PO-0027,WH-0003,SKU-0030,2024-04-26,2024-05-02,2024-04-24,2024-05-16,197,piece,14.42,2840.74,6
PO-0028,WH-0003,SKU-0030,2024-04-09,2024-04-12,2024-03-18,2024-04-26,185,piece,14.92,2760.2,3
PO-0029,WH-0002,SKU-0070,2023-07-22,2023-07-30,2023-07-18,2023-08-06,165,piece,55.63,9178.95,8
PO-0030,WH-0003,SKU-0022,2023-05-26,2023-05-29,2023-05-24,2023-06-12,455,piece,4.29,1951.95,3
PO-0031,WH-0003,SKU-0016,2024-08-05,2024-08-11,2024-07-21,2025-02-07,289,piece,20.03,5788.67,6
PO-0032,WH-0003,SKU-0070,2024-02-17,2024-02-23,2024-01-31,2024-03-01,302,piece,50.43,15229.86,6
PO-0033,WH-0001,SKU-0042,2023-02-10,2023-02-18,2023-01-17,2023-03-04,359,piece,6.94,2491.46,8
PO-0034,WH-0003,SKU-0074,2023-08-23,2023-09-04,2023-07-27,2023-10-04,350,piece,22.32,7812.0,12
PO-0035,WH-0002,SKU-0023,2023-10-03,2023-10-14,2023-10-01,2023-12-13,290,piece,78.93,22889.7,11
PO-0036,WH-0001,SKU-0056,2023-10-12,2023-10-16,2023-09-23,2023-12-15,375,piece,15.09,5658.75,4
PO-0037,WH-0001,SKU-0043,2024-04-26,2024-05-03,2024-04-12,2025-05-03,214,piece,84.56,18095.84,7
PO-0038,WH-0002,SKU-0064,2023-12-04,2023-12-12,2023-11-11,2023-12-19,197,piece,84.28,16603.16,8
PO-0039,WH-0001,SKU-0012,2024-07-17,2024-07-19,2024-07-02,2025-07-19,211,piece,41.22,8697.42,2
PO-0040,WH-0002,SKU-0001,2024-02-18,2024-02-28,2024-01-22,2024-04-28,386,piece,42.6,16443.6,10
PO-0041,WH-0002,SKU-0067,2024-02-28,2024-03-01,2024-02-21,2024-03-31,235,piece,13.89,3264.15,2
PO-0042,WH-0002,SKU-0027,2024-03-28,2024-04-11,2024-03-26,2024-04-18,186,piece,80.06,14891.16,14
PO-0043,WH-0003,SKU-0016,2024-03-24,2024-04-06,2024-03-08,2024-10-03,64,piece,22.52,1441.28,13
PO-0044,WH-0002,SKU-0040,2023-09-03,2023-09-16,2023-08-28,2024-03-14,332,piece,10.09,3349.88,13
PO-0045,WH-0003,SKU-0015,2023-04-06,2023-04-11,2023-03-10,2023-04-18,286,piece,31.2,8923.2,5
PO-0046,WH-0002,SKU-0038,2023-06-07,2023-06-16,2023-05-08,2023-06-23,310,piece,39.77,12328.7,9
PO-0047,WH-0001,SKU-0059,2024-05-09,2024-05-18,2024-05-01,2024-06-17,332,piece,21.37,7094.84,9
PO-0048,WH-0002,SKU-0018,2024-06-04,2024-06-17,2024-05-06,2024-06-24,492,piece,37.15,18277.8,13
PO-0049,WH-0003,SKU-0035,2023-12-15,2023-12-29,2023-11-28,2024-02-27,470,piece,27.64,12990.8,14
PO-0050,WH-0003,SKU-0063,2023-11-02,2023-11-13,2023-10-14,2023-11-20,493,piece,6.56,3234.08,11
PO-0051,WH-0002,SKU-0071,2024-05-10,2024-05-17,2024-04-29,2024-05-31,440,piece,47.69,20983.6,7
PO-0052,WH-0002,SKU-0031,2023-11-26,2023-12-01,2023-11-03,2024-05-29,342,piece,49.08,16785.36,5
PO-0053,WH-0002,SKU-0061,2023-02-14,2023-02-21,2023-01-21,2023-04-22,411,piece,15.71,6456.81,7
PO-0054,WH-0001,SKU-0020,2024-01-31,2024-02-12,2024-01-05,2024-02-19,303,piece,9.62,2914.86,12
PO-0055,WH-0001,SKU-0013,2024-05-29,2024-06-09,2024-05-18,2024-06-23,497,piece,54.4,27036.8,11
PO-0056,WH-0001,SKU-0019,2024-06-22,2024-07-01,2024-06-21,2024-07-31,259,piece,30.27,7839.93,9
PO-0057,WH-0002,SKU-0034,2023-03-18,2023-03-27,2023-02-20,2024-03-26,223,piece,10.56,2354.88,9
PO-0058,WH-0003,SKU-0069,2023-03-24,2023-03-31,2023-02-24,2023-04-07,244,piece,44.06,10750.64,7
PO-0059,WH-0003,SKU-0080,2024-05-14,2024-05-24,2024-05-12,2024-05-31,85,piece,45.41,3859.85,10
PO-0060,WH-0003,SKU-0012,2023-10-22,2023-10-27,2023-09-28,2024-10-26,272,piece,57.37,15604.64,5
PO-0061,WH-0001,SKU-0039,2023-04-13,2023-04-22,2023-04-07,2024-04-21,64,piece,6.17,394.88,9
PO-0062,WH-0002,SKU-0056,2023-10-28,2023-11-04,2023-10-16,2024-01-03,124,piece,11.53,1429.72,7
PO-0063,WH-0003,SKU-0024,2024-08-02,2024-08-14,2024-07-07,2025-08-14,137,piece,21.74,2978.38,12
PO-0064,WH-0001,SKU-0031,2024-01-27,2024-02-07,2024-01-05,2024-08-05,304,piece,62.19,18905.76,11
PO-0065,WH-0001,SKU-0033,2023-08-26,2023-09-04,2023-08-05,2023-09-18,285,piece,16.23,4625.55,9
PO-0066,WH-0002,SKU-0070,2024-04-21,2024-04-27,2024-03-30,2024-05-04,130,piece,41.43,5385.9,6
PO-0067,WH-0001,SKU-0033,2023-11-03,2023-11-15,2023-10-20,2023-11-29,283,piece,21.4,6056.2,12
PO-0068,WH-0003,SKU-0031,2024-01-29,2024-02-07,2024-01-25,2024-08-05,245,piece,53.76,13171.2,9
PO-0069,WH-0002,SKU-0003,2023-10-30,2023-11-12,2023-10-20,2024-11-11,474,piece,50.25,23818.5,13
PO-0070,WH-0002,SKU-0007,2023-01-09,2023-01-20,2022-12-12,2024-01-20,360,piece,11.14,4010.4,11
PO-0071,WH-0003,SKU-0046,2023-08-24,2023-09-04,2023-07-29,2023-09-11,162,piece,19.57,3170.34,11
PO-0072,WH-0003,SKU-0018,2023-09-14,2023-09-26,2023-08-20,2023-10-03,371,piece,37.76,14008.96,12
PO-0073,WH-0003,SKU-0057,2023-02-10,2023-02-16,2023-01-15,2023-03-18,67,piece,8.17,547.39,6
PO-0074,WH-0001,SKU-0038,2023-05-15,2023-05-18,2023-04-15,2023-05-25,217,piece,40.49,8786.33,3
PO-0075,WH-0003,SKU-0070,2023-07-25,2023-07-29,2023-06-29,2023-08-05,498,piece,63.64,31692.72,4
PO-0076,WH-0002,SKU-0022,2024-05-28,2024-06-03,2024-05-01,2024-06-17,181,piece,5.66,1024.46,6
PO-0077,WH-0001,SKU-0044,2023-10-30,2023-11-12,2023-10-02,2024-11-11,461,piece,42.45,19569.45,13
PO-0078,WH-0002,SKU-0051,2023-05-25,2023-06-08,2023-05-17,2023-12-05,483,piece,11.42,5515.86,14
PO-0079,WH-0002,SKU-0002,2023-04-03,2023-04-17,2023-03-21,2023-05-17,185,piece,13.35,2469.75,14
PO-0080,WH-0003,SKU-0034,2024-01-13,2024-01-25,2023-12-20,2025-01-24,349,piece,9.41,3284.09,12
PO-0081,WH-0003,SKU-0030,2024-01-16,2024-01-19,2023-12-25,2024-02-02,291,piece,10.16,2956.56,3
PO-0082,WH-0003,SKU-0009,2023-12-02,2023-12-13,2023-11-24,2023-12-27,375,piece,53.93,20223.75,11
PO-0083,WH-0001,SKU-0015,2023-11-06,2023-11-18,2023-10-23,2023-11-25,121,piece,20.16,2439.36,12
PO-0084,WH-0001,SKU-0013,2023-11-08,2023-11-17,2023-11-04,2023-12-01,170,piece,55.34,9407.8,9
PO-0085,WH-0003,SKU-0070,2024-02-02,2024-02-11,2024-01-21,2024-02-18,264,piece,54.14,14292.96,9
PO-0086,WH-0002,SKU-0013,2023-06-08,2023-06-16,2023-05-18,2023-06-30,476,piece,46.49,22129.24,8
PO-0087,WH-0001,SKU-0048,2023-10-14,2023-10-16,2023-09-21,2023-12-15,161,piece,12.77,2055.97,2
PO-0088,WH-0003,SKU-0048,2024-01-07,2024-01-10,2023-12-16,2024-03-10,328,piece,15.64,5129.92,3
PO-0089,WH-0002,SKU-0036,2024-01-03,2024-01-05,2023-12-21,2024-02-04,147,piece,22.47,3303.09,2
PO-0090,WH-0002,SKU-0077,2023-04-04,2023-04-16,2023-03-28,2023-04-23,60,piece,40.85,2451.0,12
PO-0091,WH-0003,SKU-0073,2023-09-07,2023-09-11,2023-08-12,2023-09-25,155,piece,6.26,970.3,4
PO-0092,WH-0003,SKU-0030,2023-08-01,2023-08-12,2023-07-25,2023-08-26,218,piece,14.84,3235.12,11
PO-0093,WH-0001,SKU-0019,2023-01-03,2023-01-09,2022-12-06,2023-02-08,116,piece,26.22,3041.52,6
PO-0094,WH-0001,SKU-0004,2023-04-23,2023-05-05,2023-03-26,2023-05-12,117,piece,14.13,1653.21,12
PO-0095,WH-0002,SKU-0034,2023-11-28,2023-11-30,2023-11-22,2024-11-29,76,piece,8.2,623.2,2
PO-0096,WH-0002,SKU-0009,2024-06-22,2024-06-25,2024-05-29,2024-07-09,293,piece,45.57,13352.01,3
PO-0097,WH-0003,SKU-0058,2024-06-09,2024-06-20,2024-06-05,2024-07-04,307,piece,22.31,6849.17,11
PO-0098,WH-0001,SKU-0067,2023-02-14,2023-02-27,2023-01-19,2023-03-29,204,piece,12.86,2623.44,13
PO-0099,WH-0002,SKU-0052,2023-03-04,2023-03-13,2023-02-04,2023-04-12,268,piece,5.14,1377.52,9
PO-0100,WH-0001,SKU-0011,2024-03-30,2024-04-02,2024-03-01,2024-06-01,214,piece,13.8,2953.2,3
PO-0101,WH-0002,SKU-0075,2023-05-10,2023-05-16,2023-04-20,2023-07-15,330,piece,51.45,16978.5,6
PO-0102,WH-0003,SKU-0065,2024-06-27,2024-07-03,2024-06-12,2024-07-17,359,piece,7.61,2731.99,6
PO-0103,WH-0002,SKU-0071,2023-04-28,2023-05-10,2023-04-07,2023-05-24,419,piece,54.86,22986.34,12
PO-0104,WH-0002,SKU-0044,2024-04-07,2024-04-12,2024-03-24,2025-04-12,473,piece,50.82,24037.86,5
PO-0105,WH-0001,SKU-0041,2023-04-08,2023-04-15,2023-03-25,2023-06-14,390,piece,45.91,17904.9,7
PO-0106,WH-0003,SKU-0011,2024-04-30,2024-05-03,2024-04-27,2024-07-02,97,piece,12.7,1231.9,3
PO-0107,WH-0003,SKU-0072,2024-01-17,2024-01-31,2024-01-12,2025-01-30,80,piece,19.13,1530.4,14
PO-0108,WH-0003,SKU-0016,2024-07-29,2024-08-05,2024-07-07,2025-02-01,260,piece,17.09,4443.4,7
PO-0109,WH-0001,SKU-0037,2024-03-09,2024-03-22,2024-03-07,2024-04-21,357,piece,47.33,16896.81,13
PO-0110,WH-0001,SKU-0020,2024-08-14,2024-08-24,2024-08-07,2024-08-31,386,piece,7.81,3014.66,10
PO-0111,WH-0001,SKU-0015,2023-12-25,2024-01-04,2023-12-13,2024-01-11,440,piece,23.01,10124.4,10
PO-0112,WH-0003,SKU-0080,2024-03-15,2024-03-25,2024-02-19,2024-04-01,364,piece,56.31,20496.84,10
PO-0113,WH-0003,SKU-0035,2023-01-27,2023-02-07,2022-12-28,2023-04-08,64,piece,30.71,1965.44,11
PO-0114,WH-0003,SKU-0001,2023-11-13,2023-11-20,2023-11-01,2024-01-19,142,piece,42.61,6050.62,7
PO-0115,WH-0001,SKU-0004,2024-02-15,2024-02-18,2024-02-10,2024-02-25,96,piece,20.53,1970.88,3
PO-0116,WH-0003,SKU-0044,2024-01-21,2024-01-29,2024-01-06,2025-01-28,130,piece,48.76,6338.8,8
PO-0117,WH-0001,SKU-0077,2023-11-29,2023-12-13,2023-11-10,2023-12-20,93,piece,61.46,5715.78,14
PO-0118,WH-0002,SKU-0007,2023-06-11,2023-06-25,2023-05-22,2024-06-24,395,piece,7.99,3156.05,14
PO-0119,WH-0003,SKU-0057,2024-03-10,2024-03-19,2024-02-19,2024-04-18,262,piece,7.02,1839.24,9
PO-0120,WH-0003,SKU-0015,2023-04-27,2023-05-04,2023-04-13,2023-05-11,195,piece,27.91,5442.45,7
PO-0121,WH-0003,SKU-0040,2024-05-13,2024-05-23,2024-04-21,2024-11-19,73,piece,11.38,830.74,10
PO-0122,WH-0002,SKU-0039,2023-02-26,2023-02-28,2023-02-19,2024-02-28,158,piece,8.88,1403.04,2
PO-0123,WH-0001,SKU-0001,2023-10-24,2023-10-31,2023-10-20,2023-12-30,304,piece,40.49,12308.96,7
PO-0124,WH-0003,SKU-0030,2023-05-13,2023-05-21,2023-04-25,2023-06-04,306,piece,13.49,4127.94,8
PO-0125,WH-0001,SKU-0006,2023-12-29,2024-01-01,2023-12-16,2024-01-08,273,piece,60.3,16461.9,3
PO-0126,WH-0002,SKU-0074,2023-11-17,2023-11-28,2023-11-03,2023-12-28,257,piece,20.21,5193.97,11
PO-0127,WH-0003,SKU-0003,2023-10-24,2023-10-27,2023-10-11,2024-10-26,216,piece,39.42,8514.72,3
PO-0128,WH-0001,SKU-0047,2024-04-16,2024-04-29,2024-03-17,2024-05-06,95,piece,7.64,725.8,13
PO-0129,WH-0002,SKU-0052,2023-09-07,2023-09-15,2023-08-19,2023-10-15,318,piece,3.78,1202.04,8
PO-0130,WH-0001,SKU-0022,2023-12-14,2023-12-19,2023-12-03,2024-01-02,89,piece,4.75,422.75,5
PO-0131,WH-0003,SKU-0045,2024-06-27,2024-07-07,2024-06-20,2024-08-06,229,piece,86.69,19852.01,10
PO-0132,WH-0003,SKU-0019,2023-06-01,2023-06-06,2023-05-28,2023-07-06,181,piece,22.02,3985.62,5
PO-0133,WH-0003,SKU-0010,2023-06-06,2023-06-20,2023-05-12,2023-08-19,140,piece,22.32,3124.8,14
PO-0134,WH-0003,SKU-0073,2024-05-20,2024-05-29,2024-04-25,2024-06-12,439,piece,8.17,3586.63,9
PO-0135,WH-0003,SKU-0080,2024-08-01,2024-08-13,2024-07-11,2024-08-20,215,piece,60.99,13112.85,12
PO-0136,WH-0002,SKU-0009,2023-11-20,2023-11-24,2023-11-05,2023-12-08,290,piece,45.44,13177.6,4
PO-0137,WH-0002,SKU-0046,2023-10-09,2023-10-20,2023-10-07,2023-10-27,309,piece,14.65,4526.85,11
PO-0138,WH-0003,SKU-0048,2024-04-07,2024-04-09,2024-04-05,2024-06-08,475,piece,11.79,5600.25,2
PO-0139,WH-0003,SKU-0065,2023-04-03,2023-04-14,2023-03-14,2023-04-28,246,piece,7.74,1904.04,11
PO-0140,WH-0003,SKU-0074,2023-02-12,2023-02-21,2023-01-13,2023-03-23,383,piece,15.65,5993.95,9
PO-0141,WH-0002,SKU-0008,2024-05-02,2024-05-12,2024-04-27,2024-05-19,280,piece,29.39,8229.2,10
PO-0142,WH-0002,SKU-0023,2023-03-28,2023-04-07,2023-03-07,2023-06-06,70,piece,68.83,4818.1,10
PO-0143,WH-0002,SKU-0079,2024-03-25,2024-04-04,2024-03-08,2024-06-03,131,piece,4.42,579.02,10
PO-0144,WH-0003,SKU-0044,2024-02-01,2024-02-09,2024-01-07,2025-02-08,397,piece,54.4,21596.8,8
PO-0145,WH-0002,SKU-0013,2023-12-09,2023-12-12,2023-11-28,2023-12-26,335,piece,50.69,16981.15,3
PO-0146,WH-0001,SKU-0078,2023-09-16,2023-09-29,2023-08-19,2023-11-28,497,piece,43.32,21530.04,13
PO-0147,WH-0003,SKU-0045,2024-08-19,2024-08-31,2024-08-14,2024-09-30,208,piece,95.65,19895.2,12
PO-0148,WH-0003,SKU-0011,2024-02-06,2024-02-10,2024-01-17,2024-04-10,208,piece,13.49,2805.92,4
PO-0149,WH-0002,SKU-0068,2023-12-03,2023-12-07,2023-11-11,2024-02-05,97,piece,49.97,4847.09,4
PO-0150,WH-0001,SKU-0047,2024-06-04,2024-06-11,2024-06-03,2024-06-18,208,piece,6.68,1389.44,7
PO-0151,WH-0001,SKU-0025,2023-12-16,2023-12-30,2023-11-30,2024-06-27,165,piece,64.35,10617.75,14
PO-0152,WH-0003,SKU-0013,2023-03-21,2023-03-27,2023-02-21,2023-04-10,309,piece,52.75,16299.75,6
PO-0153,WH-0001,SKU-0044,2024-06-23,2024-06-25,2024-06-01,2025-06-25,498,piece,58.57,29167.86,2
PO-0154,WH-0003,SKU-0024,2024-01-21,2024-01-25,2024-01-15,2025-01-24,475,piece,28.09,13342.75,4
PO-0155,WH-0003,SKU-0006,2023-06-19,2023-07-02,2023-06-04,2023-07-09,260,piece,73.17,19024.2,13
PO-0156,WH-0002,SKU-0037,2023-09-01,2023-09-10,2023-08-12,2023-10-10,435,piece,58.13,25286.55,9
PO-0157,WH-0001,SKU-0040,2023-08-28,2023-09-07,2023-08-20,2024-03-05,464,piece,14.9,6913.6,10
PO-0158,WH-0002,SKU-0057,2024-01-12,2024-01-24,2023-12-24,2024-02-23,286,piece,8.89,2542.54,12
PO-0159,WH-0003,SKU-0021,2024-05-29,2024-06-08,2024-05-15,2024-06-22,468,piece,15.75,7371.0,10
PO-0160,WH-0001,SKU-0062,2023-05-22,2023-05-28,2023-05-20,2023-07-27,497,piece,24.15,12002.55,6
PO-0161,WH-0002,SKU-0011,2024-06-12,2024-06-15,2024-06-02,2024-08-14,440,piece,11.0,4840.0,3
PO-0162,WH-0001,SKU-0056,2024-06-09,2024-06-13,2024-05-13,2024-08-12,96,piece,15.92,1528.32,4
PO-0163,WH-0003,SKU-0004,2024-04-06,2024-04-13,2024-03-07,2024-04-20,262,piece,14.47,3791.14,7
PO-0164,WH-0002,SKU-0011,2024-01-18,2024-01-23,2024-01-05,2024-03-23,241,piece,11.4,2747.4,5
PO-0165,WH-0001,SKU-0043,2023-04-12,2023-04-25,2023-03-22,2024-04-24,455,piece,65.04,29593.2,13
PO-0166,WH-0002,SKU-0018,2023-10-21,2023-10-30,2023-09-28,2023-11-06,438,piece,51.3,22469.4,9
PO-0167,WH-0003,SKU-0033,2023-01-06,2023-01-09,2023-01-05,2023-01-23,160,piece,21.31,3409.6,3
PO-0168,WH-0001,SKU-0037,2024-06-24,2024-07-02,2024-06-20,2024-08-01,171,piece,47.05,8045.55,8
PO-0169,WH-0002,SKU-0080,2023-09-02,2023-09-10,2023-08-12,2023-09-17,284,piece,41.15,11686.6,8
PO-0170,WH-0001,SKU-0066,2024-07-02,2024-07-04,2024-06-11,2024-07-11,344,piece,68.61,23601.84,2
PO-0171,WH-0002,SKU-0079,2023-10-26,2023-11-03,2023-10-25,2024-01-02,230,piece,4.14,952.2,8
PO-0172,WH-0001,SKU-0011,2023-07-11,2023-07-23,2023-06-19,2023-09-21,318,piece,16.09,5116.62,12
PO-0173,WH-0002,SKU-0065,2024-06-22,2024-07-02,2024-06-05,2024-07-16,333,piece,6.08,2024.64,10
PO-0174,WH-0002,SKU-0048,2023-02-14,2023-02-26,2023-02-01,2023-04-27,179,piece,14.67,2625.93,12
PO-0175,WH-0002,SKU-0014,2023-03-11,2023-03-18,2023-03-03,2023-04-17,445,piece,10.36,4610.2,7
PO-0176,WH-0001,SKU-0070,2023-05-17,2023-05-19,2023-05-05,2023-05-26,223,piece,59.73,13319.79,2
PO-0177,WH-0003,SKU-0024,2024-04-20,2024-05-03,2024-04-04,2025-05-03,465,piece,21.25,9881.25,13
PO-0178,WH-0001,SKU-0026,2024-04-13,2024-04-15,2024-04-03,2024-04-22,72,piece,5.38,387.36,2
PO-0179,WH-0002,SKU-0051,2023-11-20,2023-11-26,2023-11-03,2024-05-24,467,piece,10.18,4754.06,6
PO-0180,WH-0001,SKU-0025,2023-02-07,2023-02-21,2023-01-17,2023-08-20,196,piece,48.44,9494.24,14
PO-0181,WH-0003,SKU-0048,2023-12-06,2023-12-12,2023-12-02,2024-02-10,273,piece,15.56,4247.88,6
PO-0182,WH-0002,SKU-0024,2024-03-26,2024-04-03,2024-03-15,2025-04-03,304,piece,28.08,8536.32,8
PO-0183,WH-0002,SKU-0011,2024-06-15,2024-06-21,2024-05-20,2024-08-20,422,piece,12.65,5338.3,6
PO-0184,WH-0003,SKU-0042,2023-07-04,2023-07-14,2023-06-24,2023-07-28,102,piece,6.3,642.6,10
PO-0185,WH-0003,SKU-0078,2023-10-30,2023-11-05,2023-10-15,2024-01-04,417,piece,50.15,20912.55,6
PO-0186,WH-0002,SKU-0006,2024-03-30,2024-04-06,2024-03-15,2024-04-13,422,piece,92.01,38828.22,7
PO-0187,WH-0002,SKU-0008,2024-03-21,2024-03-27,2024-02-29,2024-04-03,88,piece,39.18,3447.84,6
PO-0188,WH-0003,SKU-0021,2024-01-08,2024-01-18,2023-12-13,2024-02-01,65,piece,15.25,991.25,10
PO-0189,WH-0002,SKU-0009,2024-03-24,2024-03-26,2024-03-19,2024-04-09,170,piece,52.92,8996.4,2
PO-0190,WH-0002,SKU-0005,2024-01-06,2024-01-14,2023-12-18,2024-03-14,359,piece,30.25,10859.75,8
PO-0191,WH-0002,SKU-0010,2024-01-15,2024-01-22,2023-12-31,2024-03-22,343,piece,15.2,5213.6,7
PO-0192,WH-0001,SKU-0036,2024-02-12,2024-02-19,2024-01-22,2024-03-20,177,piece,22.4,3964.8,7
PO-0193,WH-0002,SKU-0050,2023-07-10,2023-07-19,2023-06-23,2024-07-18,337,piece,38.22,12880.14,9
PO-0194,WH-0002,SKU-0037,2024-04-01,2024-04-06,2024-03-12,2024-05-06,405,piece,62.28,25223.4,5
PO-0195,WH-0003,SKU-0010,2023-07-24,2023-07-27,2023-07-19,2023-09-25,281,piece,15.51,4358.31,3
PO-0196,WH-0001,SKU-0041,2024-03-31,2024-04-03,2024-03-05,2024-06-02,391,piece,48.2,18846.2,3
PO-0197,WH-0003,SKU-0039,2024-07-17,2024-07-27,2024-07-07,2025-07-27,485,piece,6.59,3196.15,10
PO-0198,WH-0001,SKU-0066,2023-06-28,2023-07-12,2023-06-16,2023-07-19,164,piece,64.12,10515.68,14
PO-0199,WH-0003,SKU-0064,2023-05-23,2023-05-28,2023-04-27,2023-06-04,63,piece,73.04,4601.52,5
PO-0200,WH-0001,SKU-0071,2024-01-13,2024-01-22,2023-12-18,2024-02-05,116,piece,49.22,5709.52,9
PO-0201,WH-0002,SKU-0062,2023-03-09,2023-03-15,2023-02-24,2023-05-14,319,piece,24.63,7856.97,6
PO-0202,WH-0002,SKU-0041,2024-08-11,2024-08-14,2024-08-06,2024-10-13,378,piece,41.44,15664.32,3
PO-0203,WH-0001,SKU-0071,2024-06-13,2024-06-20,2024-06-08,2024-07-04,377,piece,48.68,18352.36,7
PO-0204,WH-0001,SKU-0008,2024-03-19,2024-03-29,2024-02-18,2024-04-05,475,piece,29.74,14126.5,10
PO-0205,WH-0003,SKU-0042,2023-11-08,2023-11-12,2023-11-02,2023-11-26,413,piece,6.85,2829.05,4
PO-0206,WH-0002,SKU-0026,2023-10-18,2023-10-21,2023-10-09,2023-10-28,375,piece,5.75,2156.25,3
PO-0207,WH-0003,SKU-0079,2023-05-09,2023-05-21,2023-04-29,2023-07-20,323,piece,3.81,1230.63,12
PO-0208,WH-0003,SKU-0020,2023-06-22,2023-07-03,2023-06-03,2023-07-10,137,piece,8.47,1160.39,11
PO-0209,WH-0003,SKU-0004,2023-12-12,2023-12-23,2023-12-10,2023-12-30,91,piece,14.4,1310.4,11
PO-0210,WH-0003,SKU-0027,2024-08-13,2024-08-19,2024-07-23,2024-08-26,442,piece,80.91,35762.22,6
PO-0211,WH-0002,SKU-0070,2023-02-01,2023-02-10,2023-01-03,2023-02-17,198,piece,55.49,10987.02,9
PO-0212,WH-0003,SKU-0052,2024-05-09,2024-05-14,2024-04-13,2024-06-13,202,piece,4.62,933.24,5
PO-0213,WH-0002,SKU-0054,2023-03-03,2023-03-07,2023-02-16,2023-05-06,297,piece,7.74,2298.78,4
PO-0214,WH-0002,SKU-0041,2023-05-28,2023-06-04,2023-04-30,2023-08-03,425,piece,64.05,27221.25,7
PO-0215,WH-0002,SKU-0048,2024-02-13,2024-02-17,2024-01-19,2024-04-17,313,piece,13.51,4228.63,4
PO-0216,WH-0001,SKU-0035,2023-09-05,2023-09-14,2023-09-01,2023-11-13,280,piece,31.88,8926.4,9
PO-0217,WH-0001,SKU-0079,2023-02-21,2023-02-27,2023-02-08,2023-04-28,264,piece,4.16,1098.24,6
PO-0218,WH-0002,SKU-0041,2023-12-02,2023-12-13,2023-11-08,2024-02-11,147,piece,58.49,8598.03,11
PO-0219,WH-0002,SKU-0040,2024-06-11,2024-06-20,2024-05-26,2024-12-17,304,piece,10.14,3082.56,9
PO-0220,WH-0001,SKU-0028,2024-06-01,2024-06-10,2024-05-24,2024-07-10,348,piece,9.28,3229.44,9
PO-0221,WH-0001,SKU-0061,2023-10-16,2023-10-25,2023-09-26,2023-12-24,196,piece,13.35,2616.6,9
PO-0222,WH-0002,SKU-0034,2024-03-17,2024-03-21,2024-02-17,2025-03-21,422,piece,9.34,3941.48,4
PO-0223,WH-0002,SKU-0007,2024-01-10,2024-01-12,2023-12-28,2025-01-11,341,piece,10.27,3502.07,2
PO-0224,WH-0003,SKU-0050,2024-07-20,2024-07-26,2024-07-17,2025-07-26,308,piece,45.62,14050.96,6
PO-0225,WH-0001,SKU-0079,2023-10-14,2023-10-25,2023-09-22,2023-12-24,110,piece,3.89,427.9,11
PO-0226,WH-0001,SKU-0044,2024-02-08,2024-02-15,2024-01-13,2025-02-14,335,piece,62.84,21051.4,7
PO-0227,WH-0001,SKU-0052,2023-07-23,2023-08-03,2023-07-06,2023-09-02,306,piece,3.69,1129.14,11
PO-0228,WH-0003,SKU-0061,2023-05-21,2023-06-03,2023-05-10,2023-08-02,315,piece,12.86,4050.9,13
PO-0229,WH-0003,SKU-0079,2024-06-11,2024-06-15,2024-05-31,2024-08-14,213,piece,3.97,845.61,4
PO-0230,WH-0002,SKU-0065,2023-11-03,2023-11-14,2023-10-23,2023-11-28,474,piece,7.91,3749.34,11
PO-0231,WH-0001,SKU-0003,2024-07-30,2024-08-05,2024-07-14,2025-08-05,238,piece,42.97,10226.86,6
PO-0232,WH-0003,SKU-0004,2024-03-02,2024-03-13,2024-02-21,2024-03-20,355,piece,18.15,6443.25,11
PO-0233,WH-0003,SKU-0007,2024-08-15,2024-08-26,2024-08-07,2025-08-26,348,piece,9.88,3438.24,11
PO-0234,WH-0003,SKU-0032,2024-01-25,2024-01-29,2023-12-29,2024-03-29,66,piece,10.32,681.12,4
PO-0235,WH-0002,SKU-0057,2023-04-23,2023-04-28,2023-04-22,2023-05-28,210,piece,7.57,1589.7,5
PO-0236,WH-0003,SKU-0079,2023-07-28,2023-08-05,2023-07-11,2023-10-04,291,piece,5.56,1617.96,8
PO-0237,WH-0003,SKU-0067,2023-03-05,2023-03-18,2023-02-28,2023-04-17,156,piece,13.51,2107.56,13
PO-0238,WH-0003,SKU-0041,2024-05-04,2024-05-14,2024-04-21,2024-07-13,138,piece,50.98,7035.24,10
PO-0239,WH-0001,SKU-0034,2023-12-17,2023-12-27,2023-12-05,2024-12-26,362,piece,9.9,3583.8,10
PO-0240,WH-0003,SKU-0029,2023-10-13,2023-10-23,2023-10-03,2024-10-22,202,piece,40.9,8261.8,10
PO-0241,WH-0003,SKU-0063,2023-08-01,2023-08-14,2023-07-09,2023-08-21,212,piece,7.8,1653.6,13
PO-0242,WH-0002,SKU-0074,2023-10-08,2023-10-14,2023-10-04,2023-11-13,396,piece,18.75,7425.0,6
PO-0243,WH-0003,SKU-0019,2023-12-20,2024-01-03,2023-11-24,2024-02-02,198,piece,20.12,3983.76,14
PO-0244,WH-0002,SKU-0057,2023-03-22,2023-03-29,2023-02-20,2023-04-28,385,piece,6.96,2679.6,7
PO-0245,WH-0003,SKU-0069,2023-08-08,2023-08-13,2023-07-12,2023-08-20,188,piece,43.69,8213.72,5
PO-0246,WH-0001,SKU-0079,2023-10-06,2023-10-10,2023-10-02,2023-12-09,429,piece,4.92,2110.68,4
PO-0247,WH-0001,SKU-0068,2023-02-21,2023-03-05,2023-01-23,2023-05-04,165,piece,49.79,8215.35,12
PO-0248,WH-0001,SKU-0061,2023-04-13,2023-04-21,2023-04-02,2023-06-20,101,piece,14.26,1440.26,8
PO-0249,WH-0002,SKU-0021,2023-01-06,2023-01-16,2022-12-07,2023-01-30,258,piece,19.71,5085.18,10
PO-0250,WH-0001,SKU-0037,2024-05-03,2024-05-15,2024-04-26,2024-06-14,214,piece,46.66,9985.24,12
PO-0251,WH-0001,SKU-0030,2023-04-02,2023-04-14,2023-03-14,2023-04-28,323,piece,14.62,4722.26,12
PO-0252,WH-0002,SKU-0023,2023-06-29,2023-07-07,2023-05-31,2023-09-05,68,piece,96.74,6578.32,8
PO-0253,WH-0002,SKU-0038,2024-05-22,2024-05-26,2024-04-22,2024-06-02,498,piece,28.25,14068.5,4
PO-0254,WH-0003,SKU-0043,2024-08-04,2024-08-15,2024-07-31,2025-08-15,195,piece,76.52,14921.4,11
PO-0255,WH-0002,SKU-0018,2024-07-10,2024-07-20,2024-06-24,2024-07-27,485,piece,46.82,22707.7,10
PO-0256,WH-0003,SKU-0043,2023-07-17,2023-07-31,2023-07-13,2024-07-30,133,piece,86.83,11548.39,14
PO-0257,WH-0002,SKU-0002,2023-09-21,2023-10-04,2023-09-15,2023-11-03,427,piece,12.11,5170.97,13
PO-0258,WH-0003,SKU-0025,2024-08-04,2024-08-16,2024-07-10,2025-02-12,139,piece,54.72,7606.08,12
PO-0259,WH-0001,SKU-0042,2024-02-20,2024-02-28,2024-02-03,2024-03-13,94,piece,7.5,705.0,8
PO-0260,WH-0002,SKU-0042,2023-07-09,2023-07-13,2023-06-23,2023-07-27,177,piece,6.03,1067.31,4
PO-0261,WH-0003,SKU-0035,2023-08-30,2023-09-08,2023-08-05,2023-11-07,218,piece,32.81,7152.58,9
PO-0262,WH-0003,SKU-0047,2024-08-09,2024-08-11,2024-07-31,2024-08-18,404,piece,6.89,2783.56,2
PO-0263,WH-0003,SKU-0021,2023-05-02,2023-05-11,2023-04-22,2023-05-25,257,piece,20.0,5140.0,9
PO-0264,WH-0001,SKU-0038,2023-11-15,2023-11-28,2023-11-11,2023-12-05,238,piece,38.2,9091.6,13
PO-0265,WH-0002,SKU-0059,2023-05-17,2023-05-26,2023-05-12,2023-06-25,432,piece,31.71,13698.72,9
PO-0266,WH-0003,SKU-0061,2024-03-01,2024-03-14,2024-02-12,2024-05-13,437,piece,13.36,5838.32,13
PO-0267,WH-0003,SKU-0077,2023-08-12,2023-08-26,2023-08-04,2023-09-02,497,piece,59.09,29367.73,14
PO-0268,WH-0001,SKU-0047,2024-04-02,2024-04-12,2024-03-10,2024-04-19,89,piece,9.44,840.16,10
PO-0269,WH-0001,SKU-0065,2023-03-05,2023-03-15,2023-02-04,2023-03-29,153,piece,8.15,1246.95,10
PO-0270,WH-0001,SKU-0067,2023-06-18,2023-06-25,2023-05-21,2023-07-25,276,piece,10.73,2961.48,7
PO-0271,WH-0002,SKU-0066,2024-08-20,2024-08-29,2024-08-17,2024-09-05,278,piece,89.72,24942.16,9
PO-0272,WH-0002,SKU-0059,2023-05-16,2023-05-26,2023-05-02,2023-06-25,338,piece,20.31,6864.78,10
PO-0273,WH-0003,SKU-0051,2023-11-12,2023-11-25,2023-11-11,2024-05-23,180,piece,11.48,2066.4,13
PO-0274,WH-0001,SKU-0006,2023-08-12,2023-08-23,2023-08-09,2023-08-30,266,piece,72.43,19266.38,11
PO-0275,WH-0002,SKU-0009,2024-07-08,2024-07-10,2024-06-08,2024-07-24,291,piece,36.31,10566.21,2
PO-0276,WH-0002,SKU-0054,2023-07-04,2023-07-18,2023-06-29,2023-09-16,241,piece,9.72,2342.52,14
PO-0277,WH-0003,SKU-0011,2024-04-04,2024-04-12,2024-03-22,2024-06-11,399,piece,16.03,6395.97,8
PO-0278,WH-0003,SKU-0045,2023-05-17,2023-05-29,2023-04-19,2023-06-28,110,piece,66.25,7287.5,12
PO-0279,WH-0001,SKU-0029,2024-02-07,2024-02-17,2024-02-02,2025-02-16,477,piece,27.66,13193.82,10
PO-0280,WH-0001,SKU-0070,2023-11-02,2023-11-11,2023-10-11,2023-11-18,267,piece,52.77,14089.59,9
PO-0281,WH-0003,SKU-0020,2023-09-11,2023-09-20,2023-08-30,2023-09-27,191,piece,6.71,1281.61,9
PO-0282,WH-0001,SKU-0054,2023-04-26,2023-04-28,2023-03-31,2023-06-27,364,piece,8.87,3228.68,2
PO-0283,WH-0003,SKU-0013,2023-09-04,2023-09-09,2023-09-01,2023-09-23,354,piece,36.35,12867.9,5
PO-0284,WH-0003,SKU-0006,2023-02-19,2023-02-24,2023-01-26,2023-03-03,255,piece,75.95,19367.25,5
PO-0285,WH-0002,SKU-0008,2023-08-11,2023-08-25,2023-07-14,2023-09-01,121,piece,36.29,4391.09,14
PO-0286,WH-0003,SKU-0041,2023-08-28,2023-09-10,2023-08-09,2023-11-09,345,piece,54.4,18768.0,13
PO-0287,WH-0002,SKU-0019,2023-11-25,2023-11-30,2023-11-15,2023-12-30,388,piece,25.99,10084.12,5
PO-0288,WH-0001,SKU-0072,2023-11-04,2023-11-10,2023-11-02,2024-11-09,352,piece,21.7,7638.4,6
PO-0289,WH-0003,SKU-0007,2024-03-13,2024-03-23,2024-02-26,2025-03-23,226,piece,12.07,2727.82,10
PO-0290,WH-0001,SKU-0041,2024-01-26,2024-02-09,2024-01-09,2024-04-09,406,piece,49.9,20259.4,14
PO-0291,WH-0001,SKU-0069,2023-11-04,2023-11-12,2023-10-29,2023-11-19,292,piece,31.76,9273.92,8
PO-0292,WH-0002,SKU-0060,2023-11-04,2023-11-17,2023-10-30,2023-12-17,79,piece,80.55,6363.45,13
PO-0293,WH-0002,SKU-0050,2024-07-24,2024-08-03,2024-07-19,2025-08-03,174,piece,41.27,7180.98,10
PO-0294,WH-0001,SKU-0048,2023-03-22,2023-03-31,2023-02-22,2023-05-30,97,piece,13.35,1294.95,9
PO-0295,WH-0001,SKU-0078,2023-02-22,2023-02-28,2023-02-09,2023-04-29,358,piece,40.58,14527.64,6
PO-0296,WH-0001,SKU-0076,2023-07-12,2023-07-26,2023-06-17,2023-08-09,420,piece,84.61,35536.2,14
PO-0297,WH-0001,SKU-0043,2024-05-05,2024-05-10,2024-04-07,2025-05-10,205,piece,95.25,19526.25,5
PO-0298,WH-0002,SKU-0016,2023-08-05,2023-08-10,2023-07-12,2024-02-06,432,piece,22.75,9828.0,5
PO-0299,WH-0003,SKU-0027,2023-09-06,2023-09-19,2023-08-17,2023-09-26,253,piece,93.69,23703.57,13
PO-0300,WH-0002,SKU-0049,2023-11-26,2023-12-10,2023-11-16,2024-01-09,288,piece,36.81,10601.28,14
PO-0301,WH-0003,SKU-0066,2023-11-12,2023-11-18,2023-10-31,2023-11-25,304,piece,76.96,23395.84,6
PO-0302,WH-0002,SKU-0041,2024-04-25,2024-05-09,2024-03-29,2024-07-08,154,piece,48.77,7510.58,14
PO-0303,WH-0002,SKU-0029,2023-02-16,2023-02-27,2023-01-19,2024-02-27,429,piece,30.12,12921.48,11
PO-0304,WH-0002,SKU-0054,2024-07-20,2024-07-31,2024-07-01,2024-09-29,201,piece,6.57,1320.57,11
PO-0305,WH-0003,SKU-0032,2023-08-24,2023-09-01,2023-08-05,2023-10-31,305,piece,10.22,3117.1,8
PO-0306,WH-0002,SKU-0063,2023-12-12,2023-12-18,2023-11-17,2023-12-25,420,piece,8.41,3532.2,6
PO-0307,WH-0003,SKU-0046,2024-04-16,2024-04-20,2024-03-23,2024-04-27,136,piece,15.22,2069.92,4
PO-0308,WH-0003,SKU-0070,2024-05-15,2024-05-19,2024-04-15,2024-05-26,378,piece,63.29,23923.62,4
PO-0309,WH-0001,SKU-0007,2023-02-04,2023-02-07,2023-01-08,2024-02-07,441,piece,7.63,3364.83,3
PO-0310,WH-0002,SKU-0020,2023-08-25,2023-08-28,2023-08-02,2023-09-04,54,piece,6.82,368.28,3
PO-0311,WH-0001,SKU-0079,2024-01-18,2024-01-20,2023-12-29,2024-03-20,297,piece,5.08,1508.76,2
PO-0312,WH-0003,SKU-0053,2023-01-07,2023-01-17,2022-12-20,2023-03-18,56,piece,10.1,565.6,10
PO-0313,WH-0003,SKU-0003,2023-10-09,2023-10-19,2023-09-29,2024-10-18,307,piece,53.69,16482.83,10
PO-0314,WH-0003,SKU-0023,2024-03-16,2024-03-30,2024-02-15,2024-05-29,104,piece,93.8,9755.2,14
PO-0315,WH-0002,SKU-0080,2023-06-02,2023-06-07,2023-05-26,2023-06-14,319,piece,45.85,14626.15,5
PO-0316,WH-0002,SKU-0011,2023-10-01,2023-10-15,2023-09-18,2023-12-14,241,piece,16.0,3856.0,14
PO-0317,WH-0001,SKU-0029,2024-08-01,2024-08-06,2024-07-09,2025-08-06,203,piece,39.4,7998.2,5
PO-0318,WH-0001,SKU-0049,2023-02-02,2023-02-05,2023-01-20,2023-03-07,243,piece,37.13,9022.59,3
PO-0319,WH-0003,SKU-0011,2023-01-10,2023-01-23,2023-01-04,2023-03-24,305,piece,15.28,4660.4,13
PO-0320,WH-0001,SKU-0013,2023-12-06,2023-12-17,2023-11-08,2023-12-31,320,piece,56.05,17936.0,11
PO-0321,WH-0001,SKU-0073,2023-08-05,2023-08-18,2023-07-07,2023-09-01,293,piece,7.02,2056.86,13
PO-0322,WH-0002,SKU-0005,2023-10-15,2023-10-25,2023-09-26,2023-12-24,141,piece,43.62,6150.42,10
PO-0323,WH-0002,SKU-0019,2023-01-17,2023-01-22,2022-12-29,2023-02-21,435,piece,29.65,12897.75,5
PO-0324,WH-0002,SKU-0073,2023-03-20,2023-03-26,2023-03-14,2023-04-09,173,piece,8.13,1406.49,6
PO-0325,WH-0003,SKU-0018,2024-07-07,2024-07-14,2024-06-24,2024-07-21,454,piece,57.59,26145.86,7
PO-0326,WH-0001,SKU-0045,2023-03-22,2023-04-01,2023-02-26,2023-05-01,77,piece,63.24,4869.48,10
PO-0327,WH-0002,SKU-0079,2023-03-19,2023-03-26,2023-02-27,2023-05-25,354,piece,4.49,1589.46,7
PO-0328,WH-0003,SKU-0058,2023-01-31,2023-02-12,2023-01-22,2023-02-26,301,piece,22.39,6739.39,12
PO-0329,WH-0003,SKU-0075,2024-01-20,2024-01-28,2024-01-14,2024-03-28,388,piece,44.06,17095.28,8
PO-0330,WH-0002,SKU-0010,2023-10-30,2023-11-13,2023-10-22,2024-01-12,92,piece,16.34,1503.28,14
PO-0331,WH-0001,SKU-0041,2023-06-07,2023-06-20,2023-05-25,2023-08-19,234,piece,42.24,9884.16,13
PO-0332,WH-0001,SKU-0035,2023-11-12,2023-11-21,2023-10-31,2024-01-20,102,piece,29.89,3048.78,9
PO-0333,WH-0001,SKU-0072,2024-03-17,2024-03-26,2024-02-28,2025-03-26,312,piece,17.57,5481.84,9
PO-0334,WH-0002,SKU-0012,2023-04-02,2023-04-09,2023-03-15,2024-04-08,355,piece,48.91,17363.05,7
PO-0335,WH-0003,SKU-0053,2024-01-30,2024-02-01,2024-01-20,2024-04-01,248,piece,14.87,3687.76,2
PO-0336,WH-0001,SKU-0067,2024-07-26,2024-07-31,2024-07-07,2024-08-30,136,piece,14.28,1942.08,5
PO-0337,WH-0001,SKU-0035,2023-05-23,2023-05-29,2023-05-13,2023-07-28,302,piece,30.12,9096.24,6
PO-0338,WH-0002,SKU-0039,2024-03-21,2024-03-27,2024-03-07,2025-03-27,297,piece,8.93,2652.21,6
PO-0339,WH-0002,SKU-0064,2023-09-15,2023-09-20,2023-08-22,2023-09-27,354,piece,82.57,29229.78,5
PO-0340,WH-0003,SKU-0001,2023-04-20,2023-04-24,2023-04-10,2023-06-23,252,piece,33.33,8399.16,4
PO-0341,WH-0003,SKU-0043,2024-01-25,2024-02-08,2023-12-28,2025-02-07,275,piece,72.07,19819.25,14
PO-0342,WH-0002,SKU-0078,2023-05-20,2023-05-26,2023-05-09,2023-07-25,405,piece,44.57,18050.85,6
PO-0343,WH-0002,SKU-0038,2023-07-01,2023-07-09,2023-06-20,2023-07-16,426,piece,39.59,16865.34,8
PO-0344,WH-0002,SKU-0042,2024-08-12,2024-08-26,2024-08-04,2024-09-09,242,piece,7.05,1706.1,14
PO-0345,WH-0003,SKU-0073,2024-01-09,2024-01-12,2023-12-10,2024-01-26,152,piece,8.22,1249.44,3
PO-0346,WH-0002,SKU-0071,2023-07-04,2023-07-16,2023-06-09,2023-07-30,63,piece,56.8,3578.4,12
PO-0347,WH-0002,SKU-0038,2023-08-03,2023-08-12,2023-07-08,2023-08-19,475,piece,39.55,18786.25,9
PO-0348,WH-0001,SKU-0039,2024-05-26,2024-05-30,2024-05-05,2025-05-30,173,piece,6.95,1202.35,4
PO-0349,WH-0002,SKU-0010,2024-03-09,2024-03-23,2024-02-25,2024-05-22,279,piece,22.67,6324.93,14
PO-0350,WH-0003,SKU-0065,2024-08-19,2024-08-27,2024-08-01,2024-09-10,495,piece,8.59,4252.05,8
PO-0351,WH-0001,SKU-0069,2023-02-07,2023-02-21,2023-01-26,2023-02-28,354,piece,38.61,13667.94,14
PO-0352,WH-0001,SKU-0046,2023-04-22,2023-05-06,2023-04-14,2023-05-13,135,piece,19.66,2654.1,14
PO-0353,WH-0002,SKU-0052,2024-07-30,2024-08-11,2024-07-08,2024-09-10,435,piece,4.35,1892.25,12
PO-0354,WH-0003,SKU-0034,2023-04-19,2023-04-21,2023-04-15,2024-04-20,163,piece,10.03,1634.89,2
PO-0355,WH-0002,SKU-0074,2024-07-25,2024-08-05,2024-07-02,2024-09-04,163,piece,17.9,2917.7,11
PO-0356,WH-0002,SKU-0076,2024-04-19,2024-05-03,2024-03-28,2024-05-17,403,piece,78.24,31530.72,14
PO-0357,WH-0001,SKU-0038,2023-01-26,2023-02-04,2023-01-22,2023-02-11,262,piece,43.48,11391.76,9
PO-0358,WH-0001,SKU-0045,2023-04-29,2023-05-12,2023-04-24,2023-06-11,209,piece,72.38,15127.42,13
PO-0359,WH-0003,SKU-0061,2024-06-17,2024-06-26,2024-06-05,2024-08-25,99,piece,12.74,1261.26,9
PO-0360,WH-0001,SKU-0039,2024-04-08,2024-04-15,2024-04-05,2025-04-15,72,piece,9.04,650.88,7
PO-0361,WH-0003,SKU-0014,2023-01-24,2023-01-31,2023-01-03,2023-03-02,396,piece,11.4,4514.4,7
PO-0362,WH-0002,SKU-0071,2023-09-07,2023-09-17,2023-09-01,2023-10-01,131,piece,42.96,5627.76,10
PO-0363,WH-0003,SKU-0052,2024-04-18,2024-04-23,2024-03-23,2024-05-23,372,piece,4.02,1495.44,5
PO-0364,WH-0002,SKU-0079,2024-03-18,2024-03-26,2024-03-17,2024-05-25,151,piece,4.61,696.11,8
PO-0365,WH-0003,SKU-0028,2024-02-03,2024-02-05,2024-01-11,2024-03-06,155,piece,8.92,1382.6,2
PO-0366,WH-0001,SKU-0069,2023-03-06,2023-03-17,2023-03-02,2023-03-24,145,piece,33.91,4916.95,11
PO-0367,WH-0002,SKU-0063,2024-04-13,2024-04-16,2024-04-04,2024-04-23,320,piece,9.62,3078.4,3
PO-0368,WH-0002,SKU-0076,2024-02-02,2024-02-13,2024-01-20,2024-02-27,108,piece,72.56,7836.48,11
PO-0369,WH-0003,SKU-0039,2023-06-26,2023-07-08,2023-06-03,2024-07-07,364,piece,8.21,2988.44,12
PO-0370,WH-0002,SKU-0031,2023-05-18,2023-05-25,2023-05-14,2023-11-21,206,piece,42.49,8752.94,7
PO-0371,WH-0002,SKU-0054,2023-05-25,2023-06-04,2023-05-12,2023-08-03,355,piece,6.52,2314.6,10
PO-0372,WH-0001,SKU-0069,2024-03-09,2024-03-13,2024-02-22,2024-03-20,405,piece,43.46,17601.3,4
PO-0373,WH-0002,SKU-0037,2024-07-22,2024-07-26,2024-07-06,2024-08-25,121,piece,44.23,5351.83,4
PO-0374,WH-0002,SKU-0063,2023-02-24,2023-03-03,2023-02-23,2023-03-10,119,piece,6.73,800.87,7
PO-0375,WH-0002,SKU-0064,2024-07-29,2024-08-08,2024-07-08,2024-08-15,259,piece,85.1,22040.9,10
PO-0376,WH-0001,SKU-0011,2024-03-30,2024-04-08,2024-03-24,2024-06-07,339,piece,10.19,3454.41,9
PO-0377,WH-0002,SKU-0029,2023-10-27,2023-10-29,2023-10-18,2024-10-28,325,piece,32.58,10588.5,2
PO-0378,WH-0003,SKU-0064,2024-08-02,2024-08-15,2024-07-08,2024-08-22,331,piece,78.63,26026.53,13
PO-0379,WH-0003,SKU-0070,2023-04-27,2023-05-03,2023-04-02,2023-05-10,471,piece,64.12,30200.52,6
PO-0380,WH-0002,SKU-0057,2023-02-12,2023-02-26,2023-01-19,2023-03-28,329,piece,6.82,2243.78,14
PO-0381,WH-0001,SKU-0032,2023-04-15,2023-04-28,2023-03-19,2023-06-27,202,piece,11.76,2375.52,13
PO-0382,WH-0001,SKU-0012,2024-04-05,2024-04-11,2024-03-24,2025-04-11,274,piece,54.85,15028.9,6
PO-0383,WH-0003,SKU-0076,2023-08-31,2023-09-05,2023-08-05,2023-09-19,402,piece,72.66,29209.32,5
PO-0384,WH-0001,SKU-0018,2024-03-14,2024-03-18,2024-02-23,2024-03-25,451,piece,40.2,18130.2,4
PO-0385,WH-0001,SKU-0069,2023-03-02,2023-03-13,2023-02-18,2023-03-20,193,piece,37.9,7314.7,11
PO-0386,WH-0003,SKU-0038,2023-11-28,2023-12-11,2023-11-18,2023-12-18,343,piece,32.21,11048.03,13
PO-0387,WH-0003,SKU-0053,2023-04-08,2023-04-12,2023-03-14,2023-06-11,80,piece,16.2,1296.0,4
PO-0388,WH-0002,SKU-0017,2023-05-10,2023-05-23,2023-04-12,2023-05-30,177,piece,6.55,1159.35,13
PO-0389,WH-0003,SKU-0051,2023-09-11,2023-09-25,2023-08-15,2024-03-23,300,piece,8.28,2484.0,14
PO-0390,WH-0001,SKU-0049,2023-10-03,2023-10-15,2023-09-19,2023-11-14,281,piece,28.9,8120.9,12
PO-0391,WH-0002,SKU-0036,2024-02-17,2024-02-27,2024-01-24,2024-03-28,405,piece,22.19,8986.95,10
PO-0392,WH-0003,SKU-0075,2024-04-10,2024-04-19,2024-03-30,2024-06-18,51,piece,54.93,2801.43,9
PO-0393,WH-0003,SKU-0046,2023-04-06,2023-04-19,2023-03-22,2023-04-26,485,piece,14.55,7056.75,13
PO-0394,WH-0002,SKU-0028,2024-02-12,2024-02-17,2024-01-29,2024-03-18,303,piece,8.88,2690.64,5
PO-0395,WH-0002,SKU-0017,2023-12-12,2023-12-22,2023-11-23,2023-12-29,339,piece,9.2,3118.8,10
PO-0396,WH-0001,SKU-0059,2023-02-19,2023-02-21,2023-02-15,2023-03-23,58,piece,21.12,1224.96,2
PO-0397,WH-0001,SKU-0055,2024-03-27,2024-04-05,2024-03-26,2024-05-05,153,piece,57.75,8835.75,9
PO-0398,WH-0002,SKU-0036,2023-11-06,2023-11-10,2023-10-09,2023-12-10,97,piece,19.73,1913.81,4
PO-0399,WH-0002,SKU-0022,2023-03-26,2023-04-02,2023-03-04,2023-04-16,76,piece,4.49,341.24,7
PO-0400,WH-0001,SKU-0012,2023-08-28,2023-09-05,2023-08-07,2024-09-04,410,piece,37.72,15465.2,8
PO-0401,WH-0002,SKU-0076,2024-05-03,2024-05-06,2024-04-28,2024-05-20,165,piece,78.95,13026.75,3
PO-0402,WH-0002,SKU-0044,2023-01-10,2023-01-12,2022-12-18,2024-01-12,468,piece,42.58,19927.44,2
PO-0403,WH-0001,SKU-0030,2023-05-16,2023-05-25,2023-05-13,2023-06-08,246,piece,10.56,2597.76,9
PO-0404,WH-0001,SKU-0039,2023-04-16,2023-04-23,2023-04-04,2024-04-22,120,piece,7.44,892.8,7
PO-0405,WH-0001,SKU-0073,2023-05-27,2023-05-30,2023-05-10,2023-06-13,54,piece,8.29,447.66,3
PO-0406,WH-0002,SKU-0028,2024-03-26,2024-04-02,2024-03-02,2024-05-02,371,piece,11.15,4136.65,7
PO-0407,WH-0003,SKU-0013,2024-03-29,2024-04-03,2024-03-26,2024-04-17,121,piece,52.34,6333.14,5
PO-0408,WH-0002,SKU-0041,2024-01-29,2024-02-05,2024-01-15,2024-04-05,455,piece,43.06,19592.3,7
PO-0409,WH-0002,SKU-0077,2023-03-28,2023-04-02,2023-03-10,2023-04-09,357,piece,57.45,20509.65,5
PO-0410,WH-0003,SKU-0039,2023-01-28,2023-02-09,2022-12-30,2024-02-09,155,piece,7.94,1230.7,12
PO-0411,WH-0001,SKU-0038,2023-07-13,2023-07-26,2023-06-30,2023-08-02,380,piece,28.54,10845.2,13
PO-0412,WH-0001,SKU-0031,2024-05-21,2024-05-29,2024-05-17,2024-11-25,305,piece,55.39,16893.95,8
PO-0413,WH-0003,SKU-0041,2024-06-24,2024-06-26,2024-06-12,2024-08-25,117,piece,49.17,5752.89,2
PO-0414,WH-0001,SKU-0023,2024-03-06,2024-03-13,2024-02-17,2024-05-12,440,piece,77.15,33946.0,7
PO-0415,WH-0001,SKU-0002,2023-01-18,2023-01-29,2023-01-15,2023-02-28,184,piece,11.35,2088.4,11
PO-0416,WH-0003,SKU-0065,2024-02-12,2024-02-22,2024-02-02,2024-03-07,442,piece,7.56,3341.52,10
PO-0417,WH-0002,SKU-0069,2024-02-16,2024-02-19,2024-01-26,2024-02-26,325,piece,38.23,12424.75,3
PO-0418,WH-0001,SKU-0066,2023-03-27,2023-04-02,2023-03-24,2023-04-09,154,piece,95.89,14767.06,6
PO-0419,WH-0003,SKU-0076,2024-07-03,2024-07-10,2024-06-20,2024-07-24,374,piece,88.03,32923.22,7
PO-0420,WH-0001,SKU-0056,2023-03-09,2023-03-15,2023-02-14,2023-05-14,423,piece,15.96,6751.08,6
PO-0421,WH-0003,SKU-0056,2023-03-01,2023-03-06,2023-02-26,2023-05-05,109,piece,12.83,1398.47,5
PO-0422,WH-0001,SKU-0023,2023-02-26,2023-03-04,2023-02-04,2023-05-03,111,piece,60.07,6667.77,6
PO-0423,WH-0003,SKU-0045,2023-01-12,2023-01-16,2022-12-27,2023-02-15,317,piece,78.87,25001.79,4
PO-0424,WH-0002,SKU-0017,2023-09-23,2023-09-27,2023-09-11,2023-10-04,433,piece,8.93,3866.69,4
PO-0425,WH-0002,SKU-0004,2023-05-01,2023-05-15,2023-04-02,2023-05-22,221,piece,21.06,4654.26,14
PO-0426,WH-0002,SKU-0074,2024-06-20,2024-06-23,2024-06-11,2024-07-23,371,piece,14.67,5442.57,3
PO-0427,WH-0002,SKU-0064,2024-06-07,2024-06-14,2024-06-05,2024-06-21,489,piece,80.72,39472.08,7
PO-0428,WH-0001,SKU-0014,2023-06-11,2023-06-17,2023-05-17,2023-07-17,343,piece,10.8,3704.4,6
PO-0429,WH-0001,SKU-0001,2023-08-22,2023-09-04,2023-08-05,2023-11-03,72,piece,42.41,3053.52,13
PO-0430,WH-0001,SKU-0047,2023-09-08,2023-09-10,2023-08-23,2023-09-17,246,piece,9.45,2324.7,2
PO-0431,WH-0002,SKU-0054,2023-02-06,2023-02-16,2023-01-11,2023-04-17,164,piece,7.21,1182.44,10
PO-0432,WH-0003,SKU-0010,2023-11-24,2023-11-30,2023-10-28,2024-01-29,342,piece,17.26,5902.92,6
PO-0433,WH-0001,SKU-0067,2023-02-23,2023-02-27,2023-02-15,2023-03-29,73,piece,15.96,1165.08,4
PO-0434,WH-0002,SKU-0040,2024-04-21,2024-04-27,2024-03-27,2024-10-24,217,piece,10.54,2287.18,6
PO-0435,WH-0003,SKU-0038,2023-01-09,2023-01-16,2023-01-02,2023-01-23,338,piece,41.13,13901.94,7
PO-0436,WH-0001,SKU-0076,2023-09-06,2023-09-15,2023-08-25,2023-09-29,302,piece,96.77,29224.54,9
PO-0437,WH-0002,SKU-0032,2024-07-13,2024-07-27,2024-06-17,2024-09-25,127,piece,7.63,969.01,14
PO-0438,WH-0001,SKU-0045,2023-01-25,2023-01-30,2023-01-07,2023-03-01,375,piece,90.87,34076.25,5
PO-0439,WH-0002,SKU-0049,2023-12-10,2023-12-12,2023-11-15,2024-01-11,484,piece,40.33,19519.72,2
PO-0440,WH-0001,SKU-0031,2023-04-17,2023-04-22,2023-03-31,2023-10-19,264,piece,51.78,13669.92,5
PO-0441,WH-0003,SKU-0012,2023-05-26,2023-06-08,2023-05-17,2024-06-07,72,piece,56.1,4039.2,13
PO-0442,WH-0001,SKU-0048,2024-02-27,2024-03-11,2024-01-29,2024-05-10,284,piece,16.09,4569.56,13
PO-0443,WH-0001,SKU-0018,2024-08-17,2024-08-20,2024-07-31,2024-08-27,376,piece,53.84,20243.84,3
PO-0444,WH-0002,SKU-0017,2024-08-04,2024-08-06,2024-07-21,2024-08-13,171,piece,7.09,1212.39,2
PO-0445,WH-0001,SKU-0042,2024-02-07,2024-02-20,2024-01-11,2024-03-05,212,piece,7.7,1632.4,13
PO-0446,WH-0001,SKU-0075,2023-03-18,2023-03-23,2023-03-13,2023-05-22,105,piece,39.06,4101.3,5
PO-0447,WH-0001,SKU-0053,2024-04-05,2024-04-14,2024-03-25,2024-06-13,111,piece,13.35,1481.85,9
PO-0448,WH-0001,SKU-0034,2024-04-07,2024-04-13,2024-03-23,2025-04-13,486,piece,8.17,3970.62,6
PO-0449,WH-0002,SKU-0078,2023-11-08,2023-11-21,2023-10-16,2024-01-20,70,piece,44.92,3144.4,13
PO-0450,WH-0001,SKU-0032,2023-06-01,2023-06-04,2023-05-09,2023-08-03,232,piece,9.48,2199.36,3
PO-0451,WH-0002,SKU-0023,2023-11-03,2023-11-09,2023-10-07,2024-01-08,65,piece,95.07,6179.55,6
PO-0452,WH-0001,SKU-0032,2024-07-23,2024-08-05,2024-07-05,2024-10-04,98,piece,9.79,959.42,13
PO-0453,WH-0002,SKU-0029,2023-05-05,2023-05-07,2023-05-03,2024-05-06,116,piece,31.02,3598.32,2
PO-0454,WH-0001,SKU-0011,2024-01-17,2024-01-29,2023-12-27,2024-03-29,348,piece,13.66,4753.68,12
PO-0455,WH-0002,SKU-0057,2023-01-23,2023-01-26,2023-01-16,2023-02-25,464,piece,6.48,3006.72,3
PO-0456,WH-0002,SKU-0007,2023-05-06,2023-05-08,2023-04-21,2024-05-07,136,piece,11.99,1630.64,2
PO-0457,WH-0002,SKU-0049,2024-02-09,2024-02-18,2024-02-08,2024-03-19,399,piece,34.96,13949.04,9
PO-0458,WH-0001,SKU-0036,2023-08-08,2023-08-12,2023-07-30,2023-09-11,278,piece,21.73,6040.94,4
PO-0459,WH-0002,SKU-0064,2023-09-09,2023-09-21,2023-08-30,2023-09-28,260,piece,92.48,24044.8,12
PO-0460,WH-0003,SKU-0050,2023-03-04,2023-03-07,2023-02-23,2024-03-06,120,piece,44.93,5391.6,3
PO-0461,WH-0002,SKU-0070,2024-06-22,2024-06-27,2024-06-01,2024-07-04,456,piece,40.08,18276.48,5
PO-0462,WH-0003,SKU-0063,2024-01-03,2024-01-12,2023-12-16,2024-01-19,226,piece,9.42,2128.92,9
PO-0463,WH-0001,SKU-0024,2023-11-26,2023-12-04,2023-11-17,2024-12-03,63,piece,23.51,1481.13,8
PO-0464,WH-0002,SKU-0036,2023-01-31,2023-02-14,2023-01-06,2023-03-16,79,piece,21.08,1665.32,14
PO-0465,WH-0001,SKU-0075,2024-06-26,2024-07-03,2024-06-01,2024-09-01,169,piece,57.27,9678.63,7
PO-0466,WH-0003,SKU-0035,2023-09-11,2023-09-23,2023-09-03,2023-11-22,323,piece,41.68,13462.64,12
PO-0467,WH-0002,SKU-0074,2023-02-27,2023-03-13,2023-02-19,2023-04-12,483,piece,22.6,10915.8,14
PO-0468,WH-0003,SKU-0031,2023-12-30,2024-01-03,2023-12-24,2024-07-01,353,piece,47.47,16756.91,4
PO-0469,WH-0003,SKU-0046,2024-01-03,2024-01-14,2024-01-02,2024-01-21,340,piece,18.93,6436.2,11
PO-0470,WH-0002,SKU-0064,2023-07-12,2023-07-26,2023-06-13,2023-08-02,327,piece,71.11,23252.97,14
PO-0471,WH-0003,SKU-0030,2023-02-08,2023-02-11,2023-02-06,2023-02-25,358,piece,11.37,4070.46,3
PO-0472,WH-0002,SKU-0079,2024-05-04,2024-05-06,2024-04-23,2024-07-05,153,piece,5.41,827.73,2
PO-0473,WH-0003,SKU-0042,2023-07-01,2023-07-15,2023-06-03,2023-07-29,80,piece,6.08,486.4,14
PO-0474,WH-0001,SKU-0068,2023-05-26,2023-06-09,2023-05-22,2023-08-08,490,piece,43.72,21422.8,14
PO-0475,WH-0002,SKU-0051,2024-01-18,2024-01-31,2023-12-27,2024-07-29,350,piece,8.08,2828.0,13
PO-0476,WH-0002,SKU-0056,2023-11-27,2023-12-01,2023-11-21,2024-01-30,455,piece,14.0,6370.0,4
PO-0477,WH-0003,SKU-0072,2023-11-21,2023-11-25,2023-10-29,2024-11-24,405,piece,21.78,8820.9,4
PO-0478,WH-0002,SKU-0076,2024-01-01,2024-01-06,2023-12-10,2024-01-20,467,piece,66.13,30882.71,5
PO-0479,WH-0002,SKU-0001,2023-10-29,2023-11-02,2023-10-23,2024-01-01,409,piece,43.97,17983.73,4
PO-0480,WH-0003,SKU-0078,2024-08-04,2024-08-06,2024-07-29,2024-10-05,212,piece,62.4,13228.8,2
PO-0481,WH-0003,SKU-0014,2023-08-15,2023-08-27,2023-07-27,2023-09-26,304,piece,8.27,2514.08,12
PO-0482,WH-0001,SKU-0041,2023-03-21,2023-03-26,2023-03-09,2023-05-25,135,piece,55.35,7472.25,5
PO-0483,WH-0001,SKU-0034,2023-12-10,2023-12-19,2023-12-09,2024-12-18,157,piece,8.79,1380.03,9
PO-0484,WH-0002,SKU-0014,2023-12-25,2023-12-31,2023-11-29,2024-01-30,418,piece,7.61,3180.98,6
PO-0485,WH-0002,SKU-0022,2024-03-24,2024-04-06,2024-03-10,2024-04-20,261,piece,4.71,1229.31,13
PO-0486,WH-0003,SKU-0013,2023-12-26,2024-01-05,2023-12-13,2024-01-19,474,piece,46.27,21931.98,10
PO-0487,WH-0002,SKU-0010,2023-08-19,2023-08-23,2023-08-04,2023-10-22,459,piece,21.4,9822.6,4
PO-0488,WH-0002,SKU-0014,2023-01-21,2023-01-28,2023-01-12,2023-02-27,87,piece,9.22,802.14,7
PO-0489,WH-0003,SKU-0071,2023-06-14,2023-06-27,2023-06-11,2023-07-11,97,piece,43.12,4182.64,13
PO-0490,WH-0002,SKU-0056,2024-05-09,2024-05-22,2024-05-08,2024-07-21,384,piece,11.03,4235.52,13
PO-0491,WH-0002,SKU-0043,2023-06-10,2023-06-12,2023-06-06,2024-06-11,155,piece,95.9,14864.5,2
PO-0492,WH-0002,SKU-0070,2024-07-21,2024-08-03,2024-06-21,2024-08-10,185,piece,55.95,10350.75,13
PO-0493,WH-0002,SKU-0051,2023-09-01,2023-09-04,2023-08-30,2024-03-02,342,piece,10.21,3491.82,3
PO-0494,WH-0003,SKU-0001,2023-06-07,2023-06-09,2023-05-26,2023-08-08,268,piece,29.11,7801.48,2
PO-0495,WH-0002,SKU-0004,2024-05-06,2024-05-11,2024-05-02,2024-05-18,155,piece,15.49,2400.95,5
PO-0496,WH-0002,SKU-0015,2023-03-25,2023-04-03,2023-02-25,2023-04-10,207,piece,29.21,6046.47,9
PO-0497,WH-0001,SKU-0012,2024-05-15,2024-05-27,2024-05-06,2025-05-27,378,piece,47.71,18034.38,12
PO-0498,WH-0002,SKU-0024,2024-01-15,2024-01-23,2024-01-03,2025-01-22,278,piece,20.15,5601.7,8
PO-0499,WH-0003,SKU-0035,2024-04-21,2024-04-27,2024-04-13,2024-06-26,338,piece,28.66,9687.08,6
PO-0500,WH-0003,SKU-0045,2023-04-10,2023-04-13,2023-03-19,2023-05-13,463,piece,79.77,36933.51,3
PO-0501,WH-0003,SKU-0050,2023-08-21,2023-08-31,2023-08-19,2024-08-30,469,piece,47.23,22150.87,10
PO-0502,WH-0002,SKU-0031,2024-05-01,2024-05-12,2024-04-02,2024-11-08,293,piece,47.0,13771.0,11
PO-0503,WH-0003,SKU-0067,2023-02-05,2023-02-15,2023-01-17,2023-03-17,459,piece,13.57,6228.63,10
PO-0504,WH-0001,SKU-0058,2023-05-31,2023-06-03,2023-05-06,2023-06-17,138,piece,31.23,4309.74,3
PO-0505,WH-0003,SKU-0017,2023-08-05,2023-08-19,2023-07-29,2023-08-26,71,piece,7.59,538.89,14
PO-0506,WH-0002,SKU-0019,2024-03-21,2024-03-26,2024-02-23,2024-04-25,477,piece,26.89,12826.53,5
PO-0507,WH-0002,SKU-0072,2023-03-10,2023-03-13,2023-02-25,2024-03-12,253,piece,18.83,4763.99,3
PO-0508,WH-0003,SKU-0002,2024-06-16,2024-06-25,2024-05-17,2024-07-25,452,piece,14.38,6499.76,9
PO-0509,WH-0003,SKU-0015,2024-06-19,2024-07-03,2024-06-05,2024-07-10,262,piece,21.43,5614.66,14
PO-0510,WH-0002,SKU-0014,2024-08-19,2024-09-02,2024-08-15,2024-10-02,338,piece,11.3,3819.4,14
PO-0511,WH-0002,SKU-0053,2024-07-02,2024-07-09,2024-06-03,2024-09-07,185,piece,12.39,2292.15,7
PO-0512,WH-0001,SKU-0005,2024-08-08,2024-08-19,2024-07-23,2024-10-18,138,piece,32.35,4464.3,11
PO-0513,WH-0003,SKU-0043,2024-02-16,2024-02-18,2024-02-03,2025-02-17,403,piece,68.45,27585.35,2
PO-0514,WH-0002,SKU-0048,2024-05-01,2024-05-07,2024-04-02,2024-07-06,60,piece,12.11,726.6,6
PO-0515,WH-0001,SKU-0063,2023-11-15,2023-11-21,2023-10-19,2023-11-28,489,piece,8.61,4210.29,6
PO-0516,WH-0002,SKU-0057,2023-08-22,2023-08-26,2023-08-12,2023-09-25,446,piece,9.1,4058.6,4
PO-0517,WH-0002,SKU-0012,2024-03-02,2024-03-13,2024-02-10,2025-03-13,146,piece,45.43,6632.78,11
PO-0518,WH-0001,SKU-0048,2024-05-11,2024-05-25,2024-04-24,2024-07-24,470,piece,10.35,4864.5,14
PO-0519,WH-0003,SKU-0065,2023-03-09,2023-03-15,2023-02-14,2023-03-29,256,piece,6.51,1666.56,6
PO-0520,WH-0001,SKU-0025,2024-08-05,2024-08-07,2024-07-30,2025-02-03,498,piece,60.22,29989.56,2
PO-0521,WH-0002,SKU-0007,2023-09-13,2023-09-15,2023-08-29,2024-09-14,234,piece,10.95,2562.3,2
PO-0522,WH-0003,SKU-0051,2024-01-13,2024-01-22,2023-12-27,2024-07-20,375,piece,11.98,4492.5,9
PO-0523,WH-0002,SKU-0063,2023-02-01,2023-02-06,2023-01-20,2023-02-13,354,piece,7.67,2715.18,5
PO-0524,WH-0002,SKU-0045,2024-08-23,2024-09-02,2024-08-11,2024-10-02,133,piece,90.8,12076.4,10
PO-0525,WH-0003,SKU-0050,2023-04-03,2023-04-09,2023-04-02,2024-04-08,75,piece,39.22,2941.5,6
PO-0526,WH-0003,SKU-0029,2023-08-08,2023-08-13,2023-07-18,2024-08-12,396,piece,31.17,12343.32,5
PO-0527,WH-0003,SKU-0002,2024-02-24,2024-03-05,2024-02-23,2024-04-04,292,piece,15.7,4584.4,10
PO-0528,WH-0002,SKU-0002,2023-06-27,2023-07-08,2023-06-01,2023-08-07,164,piece,11.58,1899.12,11
PO-0529,WH-0002,SKU-0049,2023-10-09,2023-10-17,2023-09-10,2023-11-16,486,piece,33.62,16339.32,8
PO-0530,WH-0003,SKU-0067,2023-08-12,2023-08-21,2023-08-02,2023-09-20,472,piece,13.9,6560.8,9
PO-0531,WH-0003,SKU-0048,2023-04-15,2023-04-17,2023-03-29,2023-06-16,337,piece,14.05,4734.85,2
PO-0532,WH-0002,SKU-0014,2023-10-17,2023-10-23,2023-09-25,2023-11-22,296,piece,7.9,2338.4,6
PO-0533,WH-0001,SKU-0039,2023-11-29,2023-12-05,2023-11-20,2024-12-04,146,piece,6.56,957.76,6
PO-0534,WH-0003,SKU-0077,2023-02-28,2023-03-14,2023-01-31,2023-03-21,256,piece,55.95,14323.2,14
PO-0535,WH-0002,SKU-0064,2023-05-24,2023-06-06,2023-05-23,2023-06-13,201,piece,69.26,13921.26,13
PO-0536,WH-0003,SKU-0005,2024-02-19,2024-02-27,2024-01-26,2024-04-27,348,piece,39.81,13853.88,8
PO-0537,WH-0002,SKU-0029,2023-07-14,2023-07-21,2023-06-20,2024-07-20,401,piece,36.82,14764.82,7
PO-0538,WH-0003,SKU-0022,2024-01-03,2024-01-13,2023-12-24,2024-01-27,480,piece,5.08,2438.4,10
PO-0539,WH-0003,SKU-0061,2023-07-05,2023-07-11,2023-07-01,2023-09-09,115,piece,14.63,1682.45,6
PO-0540,WH-0003,SKU-0024,2024-07-26,2024-08-09,2024-06-26,2025-08-09,398,piece,30.62,12186.76,14
PO-0541,WH-0002,SKU-0029,2023-04-02,2023-04-07,2023-03-21,2024-04-06,431,piece,42.63,18373.53,5
PO-0542,WH-0001,SKU-0075,2023-12-06,2023-12-13,2023-11-27,2024-02-11,200,piece,45.92,9184.0,7
PO-0543,WH-0001,SKU-0075,2024-04-26,2024-04-28,2024-03-29,2024-06-27,347,piece,56.61,19643.67,2
PO-0544,WH-0003,SKU-0016,2024-04-28,2024-05-03,2024-04-11,2024-10-30,494,piece,19.96,9860.24,5
PO-0545,WH-0002,SKU-0020,2023-11-02,2023-11-10,2023-10-31,2023-11-17,120,piece,9.72,1166.4,8
PO-0546,WH-0003,SKU-0059,2024-02-24,2024-03-06,2024-01-26,2024-04-05,123,piece,23.48,2888.04,11
PO-0547,WH-0001,SKU-0063,2023-07-04,2023-07-18,2023-07-01,2023-07-25,220,piece,8.37,1841.4,14
PO-0548,WH-0001,SKU-0001,2023-11-17,2023-11-29,2023-11-15,2024-01-28,281,piece,32.32,9081.92,12
PO-0549,WH-0001,SKU-0063,2024-08-13,2024-08-27,2024-08-07,2024-09-03,452,piece,8.86,4004.72,14
PO-0550,WH-0002,SKU-0055,2023-05-13,2023-05-24,2023-04-29,2023-06-23,256,piece,45.15,11558.4,11
PO-0551,WH-0001,SKU-0069,2024-01-28,2024-01-30,2024-01-26,2024-02-06,152,piece,40.2,6110.4,2
PO-0552,WH-0001,SKU-0068,2023-11-26,2023-12-10,2023-10-30,2024-02-08,147,piece,36.0,5292.0,14
PO-0553,WH-0002,SKU-0045,2023-09-12,2023-09-17,2023-08-20,2023-10-17,209,piece,64.4,13459.6,5
PO-0554,WH-0002,SKU-0022,2024-05-30,2024-06-10,2024-05-20,2024-06-24,83,piece,5.45,452.35,11
PO-0555,WH-0002,SKU-0067,2023-10-25,2023-11-03,2023-10-01,2023-12-03,355,piece,13.28,4714.4,9
PO-0556,WH-0001,SKU-0063,2023-05-18,2023-05-25,2023-04-19,2023-06-01,233,piece,8.81,2052.73,7
PO-0557,WH-0001,SKU-0029,2024-02-18,2024-02-20,2024-02-10,2025-02-19,422,piece,44.59,18816.98,2
PO-0558,WH-0003,SKU-0022,2023-01-23,2023-02-03,2023-01-06,2023-02-17,113,piece,4.42,499.46,11
PO-0559,WH-0001,SKU-0033,2023-02-08,2023-02-16,2023-01-10,2023-03-02,444,piece,18.68,8293.92,8
PO-0560,WH-0002,SKU-0003,2023-02-19,2023-03-03,2023-02-15,2024-03-02,74,piece,50.95,3770.3,12
PO-0561,WH-0001,SKU-0071,2024-03-30,2024-04-07,2024-03-26,2024-04-21,179,piece,46.16,8262.64,8
PO-0562,WH-0001,SKU-0002,2023-07-30,2023-08-12,2023-07-08,2023-09-11,204,piece,12.63,2576.52,13
PO-0563,WH-0001,SKU-0078,2024-06-16,2024-06-22,2024-05-27,2024-08-21,408,piece,42.99,17539.92,6
PO-0564,WH-0001,SKU-0016,2024-06-07,2024-06-20,2024-05-18,2024-12-17,194,piece,15.0,2910.0,13
PO-0565,WH-0003,SKU-0026,2024-05-24,2024-05-29,2024-05-04,2024-06-05,448,piece,4.19,1877.12,5
PO-0566,WH-0003,SKU-0053,2023-07-26,2023-08-02,2023-07-03,2023-10-01,201,piece,11.0,2211.0,7
PO-0567,WH-0001,SKU-0062,2024-05-23,2024-05-28,2024-04-30,2024-07-27,219,piece,22.47,4920.93,5
PO-0568,WH-0001,SKU-0074,2023-04-02,2023-04-05,2023-03-06,2023-05-05,392,piece,18.32,7181.44,3
PO-0569,WH-0002,SKU-0013,2024-06-07,2024-06-10,2024-05-14,2024-06-24,181,piece,49.94,9039.14,3
PO-0570,WH-0001,SKU-0007,2023-10-31,2023-11-06,2023-10-16,2024-11-05,101,piece,11.46,1157.46,6
PO-0571,WH-0001,SKU-0041,2023-10-25,2023-11-01,2023-09-29,2023-12-31,268,piece,57.88,15511.84,7
PO-0572,WH-0002,SKU-0018,2023-02-16,2023-02-18,2023-01-19,2023-02-25,389,piece,50.0,19450.0,2
PO-0573,WH-0002,SKU-0035,2024-01-02,2024-01-11,2023-12-13,2024-03-11,499,piece,40.25,20084.75,9
PO-0574,WH-0002,SKU-0052,2023-12-17,2023-12-21,2023-12-13,2024-01-20,254,piece,5.77,1465.58,4
PO-0575,WH-0001,SKU-0062,2024-01-30,2024-02-12,2024-01-02,2024-04-12,459,piece,24.77,11369.43,13
PO-0576,WH-0002,SKU-0008,2023-04-26,2023-04-30,2023-04-03,2023-05-07,482,piece,30.35,14628.7,4
PO-0577,WH-0002,SKU-0057,2024-05-09,2024-05-23,2024-04-20,2024-06-22,142,piece,8.29,1177.18,14
PO-0578,WH-0001,SKU-0017,2023-01-30,2023-02-11,2023-01-01,2023-02-18,297,piece,9.45,2806.65,12
PO-0579,WH-0001,SKU-0009,2024-02-26,2024-03-06,2024-02-24,2024-03-20,183,piece,50.17,9181.11,9
PO-0580,WH-0003,SKU-0074,2024-06-21,2024-07-05,2024-05-28,2024-08-04,420,piece,18.94,7954.8,14
PO-0581,WH-0003,SKU-0080,2023-12-13,2023-12-23,2023-11-26,2023-12-30,98,piece,50.31,4930.38,10
PO-0582,WH-0003,SKU-0050,2023-09-12,2023-09-21,2023-08-31,2024-09-20,126,piece,54.27,6838.02,9
PO-0583,WH-0002,SKU-0021,2023-02-25,2023-02-27,2023-02-04,2023-03-13,308,piece,21.43,6600.44,2
PO-0584,WH-0002,SKU-0063,2023-06-19,2023-06-22,2023-05-25,2023-06-29,214,piece,6.9,1476.6,3
PO-0585,WH-0001,SKU-0071,2023-02-21,2023-03-03,2023-02-13,2023-03-17,379,piece,44.02,16683.58,10
PO-0586,WH-0002,SKU-0074,2023-03-22,2023-03-31,2023-03-07,2023-04-30,279,piece,14.77,4120.83,9
PO-0587,WH-0001,SKU-0064,2024-04-02,2024-04-09,2024-03-29,2024-04-16,431,piece,83.94,36178.14,7
PO-0588,WH-0001,SKU-0072,2024-02-18,2024-02-26,2024-02-16,2025-02-25,331,piece,14.0,4634.0,8
PO-0589,WH-0002,SKU-0027,2023-11-08,2023-11-18,2023-10-21,2023-11-25,385,piece,84.61,32574.85,10
PO-0590,WH-0003,SKU-0029,2024-01-08,2024-01-10,2023-12-12,2025-01-09,482,piece,35.44,17082.08,2
PO-0591,WH-0001,SKU-0047,2024-04-29,2024-05-12,2024-04-07,2024-05-19,416,piece,7.7,3203.2,13
PO-0592,WH-0002,SKU-0046,2023-08-16,2023-08-18,2023-08-05,2023-08-25,474,piece,19.54,9261.96,2
PO-0593,WH-0002,SKU-0014,2024-07-14,2024-07-24,2024-07-02,2024-08-23,73,piece,11.86,865.78,10
PO-0594,WH-0001,SKU-0053,2023-05-24,2023-06-06,2023-04-30,2023-08-05,104,piece,11.59,1205.36,13
PO-0595,WH-0001,SKU-0051,2023-07-12,2023-07-15,2023-06-12,2024-01-11,160,piece,9.77,1563.2,3
PO-0596,WH-0003,SKU-0054,2023-12-13,2023-12-16,2023-11-18,2024-02-14,73,piece,9.47,691.31,3
PO-0597,WH-0003,SKU-0058,2023-05-07,2023-05-21,2023-04-08,2023-06-04,284,piece,27.67,7858.28,14
PO-0598,WH-0002,SKU-0068,2023-05-18,2023-05-27,2023-05-17,2023-07-26,426,piece,36.68,15625.68,9
PO-0599,WH-0001,SKU-0066,2024-08-22,2024-08-31,2024-07-23,2024-09-07,449,piece,93.91,42165.59,9
PO-0600,WH-0003,SKU-0017,2024-08-15,2024-08-19,2024-07-22,2024-08-26,103,piece,7.45,767.35,4
PO-0601,WH-0003,SKU-0050,2023-11-26,2023-12-06,2023-10-28,2024-12-05,264,piece,57.39,15150.96,10
PO-0602,WH-0001,SKU-0044,2023-09-12,2023-09-18,2023-08-30,2024-09-17,200,piece,50.81,10162.0,6
PO-0603,WH-0003,SKU-0066,2023-05-22,2023-05-30,2023-05-02,2023-06-06,203,piece,91.0,18473.0,8
PO-0604,WH-0001,SKU-0071,2023-11-18,2023-12-01,2023-10-25,2023-12-15,373,piece,40.44,15084.12,13
PO-0605,WH-0001,SKU-0017,2023-10-25,2023-11-06,2023-10-13,2023-11-13,413,piece,8.44,3485.72,12
PO-0606,WH-0002,SKU-0042,2024-05-30,2024-06-09,2024-05-07,2024-06-23,413,piece,6.43,2655.59,10
PO-0607,WH-0003,SKU-0074,2024-07-29,2024-08-07,2024-07-10,2024-09-06,391,piece,20.21,7902.11,9
PO-0608,WH-0001,SKU-0055,2024-06-30,2024-07-06,2024-06-01,2024-08-05,463,piece,35.88,16612.44,6
PO-0609,WH-0002,SKU-0007,2023-01-26,2023-02-03,2023-01-21,2024-02-03,393,piece,7.87,3092.91,8
PO-0610,WH-0003,SKU-0033,2023-06-14,2023-06-20,2023-05-23,2023-07-04,124,piece,21.34,2646.16,6
PO-0611,WH-0002,SKU-0070,2023-10-30,2023-11-04,2023-10-05,2023-11-11,66,piece,48.48,3199.68,5
PO-0612,WH-0003,SKU-0072,2023-04-15,2023-04-26,2023-03-18,2024-04-25,492,piece,15.96,7852.32,11
PO-0613,WH-0003,SKU-0066,2024-07-28,2024-08-05,2024-07-20,2024-08-12,451,piece,89.28,40265.28,8
PO-0614,WH-0003,SKU-0007,2023-10-22,2023-11-04,2023-09-30,2024-11-03,245,piece,9.44,2312.8,13
PO-0615,WH-0003,SKU-0002,2023-11-17,2023-11-27,2023-11-15,2023-12-27,430,piece,11.57,4975.1,10
PO-0616,WH-0003,SKU-0048,2024-03-29,2024-04-03,2024-02-28,2024-06-02,436,piece,13.68,5964.48,5
PO-0617,WH-0003,SKU-0025,2023-07-21,2023-08-04,2023-06-27,2024-01-31,200,piece,50.71,10142.0,14
PO-0618,WH-0002,SKU-0066,2023-03-18,2023-03-22,2023-03-12,2023-03-29,111,piece,73.65,8175.15,4
PO-0619,WH-0002,SKU-0017,2023-10-13,2023-10-23,2023-10-04,2023-10-30,132,piece,8.19,1081.08,10
PO-0620,WH-0002,SKU-0020,2023-01-06,2023-01-13,2022-12-22,2023-01-20,70,piece,6.58,460.6,7
PO-0621,WH-0002,SKU-0079,2023-02-22,2023-03-08,2023-01-23,2023-05-07,481,piece,5.09,2448.29,14
PO-0622,WH-0003,SKU-0010,2024-08-09,2024-08-19,2024-07-28,2024-10-18,451,piece,20.19,9105.69,10
PO-0623,WH-0002,SKU-0009,2023-08-14,2023-08-18,2023-07-28,2023-09-01,452,piece,46.84,21171.68,4
PO-0624,WH-0001,SKU-0012,2024-07-10,2024-07-20,2024-06-27,2025-07-20,228,piece,40.52,9238.56,10
PO-0625,WH-0003,SKU-0038,2023-12-06,2023-12-13,2023-11-24,2023-12-20,161,piece,43.99,7082.39,7
PO-0626,WH-0002,SKU-0002,2024-06-27,2024-07-06,2024-06-09,2024-08-05,108,piece,14.18,1531.44,9
PO-0627,WH-0003,SKU-0080,2023-09-04,2023-09-16,2023-08-15,2023-09-23,174,piece,63.33,11019.42,12
PO-0628,WH-0003,SKU-0015,2023-11-25,2023-12-03,2023-10-26,2023-12-10,247,piece,22.74,5616.78,8
PO-0629,WH-0003,SKU-0067,2023-10-17,2023-10-19,2023-09-17,2023-11-18,470,piece,14.82,6965.4,2
PO-0630,WH-0001,SKU-0006,2024-06-04,2024-06-13,2024-05-19,2024-06-20,201,piece,93.06,18705.06,9
PO-0631,WH-0003,SKU-0013,2023-11-25,2023-12-05,2023-11-22,2023-12-19,135,piece,57.22,7724.7,10
PO-0632,WH-0001,SKU-0009,2024-06-30,2024-07-02,2024-06-09,2024-07-16,157,piece,50.51,7930.07,2
PO-0633,WH-0003,SKU-0069,2024-03-10,2024-03-13,2024-03-03,2024-03-20,474,piece,39.72,18827.28,3
PO-0634,WH-0001,SKU-0010,2024-03-21,2024-04-02,2024-02-23,2024-06-01,432,piece,20.0,8640.0,12
PO-0635,WH-0001,SKU-0005,2024-04-15,2024-04-28,2024-04-04,2024-06-27,94,piece,28.86,2712.84,13
PO-0636,WH-0002,SKU-0074,2023-09-15,2023-09-25,2023-09-12,2023-10-25,470,piece,15.99,7515.3,10
PO-0637,WH-0002,SKU-0052,2024-02-22,2024-03-01,2024-02-07,2024-03-31,271,piece,4.31,1168.01,8
PO-0638,WH-0003,SKU-0080,2023-05-02,2023-05-12,2023-05-01,2023-05-19,82,piece,58.31,4781.42,10
PO-0639,WH-0001,SKU-0010,2023-02-16,2023-03-01,2023-01-19,2023-04-30,233,piece,22.12,5153.96,13
PO-0640,WH-0002,SKU-0039,2023-10-24,2023-11-07,2023-10-02,2024-11-06,360,piece,6.32,2275.2,14
PO-0641,WH-0001,SKU-0004,2024-01-26,2024-02-03,2023-12-30,2024-02-10,292,piece,15.37,4488.04,8
PO-0642,WH-0001,SKU-0070,2023-05-20,2023-06-02,2023-05-07,2023-06-09,201,piece,63.36,12735.36,13
PO-0643,WH-0003,SKU-0048,2023-11-02,2023-11-14,2023-10-04,2024-01-13,55,piece,13.46,740.3,12
PO-0644,WH-0003,SKU-0001,2023-05-25,2023-05-28,2023-05-23,2023-07-27,343,piece,37.89,12996.27,3
PO-0645,WH-0003,SKU-0027,2024-07-14,2024-07-17,2024-07-04,2024-07-24,433,piece,87.22,37766.26,3
PO-0646,WH-0001,SKU-0066,2023-12-19,2023-12-24,2023-12-05,2023-12-31,122,piece,65.6,8003.2,5
PO-0647,WH-0001,SKU-0024,2023-09-16,2023-09-21,2023-09-12,2024-09-20,393,piece,29.4,11554.2,5
PO-0648,WH-0001,SKU-0071,2024-07-16,2024-07-25,2024-06-25,2024-08-08,87,piece,42.07,3660.09,9
PO-0649,WH-0002,SKU-0075,2023-09-14,2023-09-17,2023-09-07,2023-11-16,299,piece,56.77,16974.23,3
PO-0650,WH-0001,SKU-0031,2023-05-12,2023-05-24,2023-04-21,2023-11-20,101,piece,46.66,4712.66,12
PO-0651,WH-0002,SKU-0058,2023-07-18,2023-07-25,2023-07-02,2023-08-08,218,piece,27.15,5918.7,7
PO-0652,WH-0002,SKU-0073,2024-08-21,2024-08-25,2024-08-02,2024-09-08,236,piece,9.03,2131.08,4
PO-0653,WH-0003,SKU-0032,2023-06-22,2023-06-24,2023-06-11,2023-08-23,452,piece,8.65,3909.8,2
PO-0654,WH-0002,SKU-0047,2024-03-22,2024-03-28,2024-02-24,2024-04-04,118,piece,8.55,1008.9,6
PO-0655,WH-0003,SKU-0046,2024-05-06,2024-05-15,2024-04-21,2024-05-22,446,piece,16.67,7434.82,9
PO-0656,WH-0001,SKU-0078,2023-04-22,2023-04-26,2023-04-01,2023-06-25,91,piece,60.43,5499.13,4
PO-0657,WH-0001,SKU-0010,2024-07-05,2024-07-10,2024-06-26,2024-09-08,422,piece,14.66,6186.52,5
PO-0658,WH-0003,SKU-0075,2024-06-03,2024-06-15,2024-06-02,2024-08-14,346,piece,44.61,15435.06,12
PO-0659,WH-0003,SKU-0034,2023-08-06,2023-08-08,2023-07-19,2024-08-07,328,piece,11.85,3886.8,2
PO-0660,WH-0003,SKU-0020,2024-04-28,2024-05-10,2024-04-03,2024-05-17,237,piece,7.47,1770.39,12
PO-0661,WH-0002,SKU-0065,2023-10-25,2023-10-29,2023-10-10,2023-11-12,311,piece,6.34,1971.74,4
PO-0662,WH-0003,SKU-0031,2024-05-29,2024-05-31,2024-05-07,2024-11-27,484,piece,63.46,30714.64,2
PO-0663,WH-0003,SKU-0018,2023-06-19,2023-07-03,2023-06-02,2023-07-10,278,piece,39.14,10880.92,14
PO-0664,WH-0002,SKU-0019,2024-08-02,2024-08-14,2024-07-05,2024-09-13,426,piece,28.57,12170.82,12
PO-0665,WH-0002,SKU-0063,2023-02-11,2023-02-16,2023-01-17,2023-02-23,168,piece,6.24,1048.32,5
PO-0666,WH-0002,SKU-0027,2023-08-28,2023-08-30,2023-08-06,2023-09-06,315,piece,93.41,29424.15,2
PO-0667,WH-0003,SKU-0059,2024-02-02,2024-02-11,2024-01-03,2024-03-12,73,piece,20.09,1466.57,9
PO-0668,WH-0003,SKU-0067,2023-11-28,2023-12-01,2023-11-05,2023-12-31,374,piece,15.19,5681.06,3
PO-0669,WH-0002,SKU-0073,2023-09-27,2023-10-08,2023-09-09,2023-10-22,139,piece,7.41,1029.99,11
PO-0670,WH-0001,SKU-0010,2024-01-10,2024-01-21,2023-12-20,2024-03-21,314,piece,16.2,5086.8,11
PO-0671,WH-0003,SKU-0045,2024-06-12,2024-06-20,2024-05-31,2024-07-20,299,piece,89.13,26649.87,8
PO-0672,WH-0001,SKU-0018,2023-01-07,2023-01-17,2022-12-09,2023-01-24,275,piece,39.28,10802.0,10
PO-0673,WH-0002,SKU-0028,2024-06-10,2024-06-22,2024-06-01,2024-07-22,126,piece,8.49,1069.74,12
PO-0674,WH-0001,SKU-0054,2023-05-02,2023-05-14,2023-04-24,2023-07-13,465,piece,7.24,3366.6,12
PO-0675,WH-0003,SKU-0062,2024-05-08,2024-05-20,2024-04-22,2024-07-19,157,piece,26.84,4213.88,12
PO-0676,WH-0001,SKU-0006,2024-02-25,2024-02-27,2024-02-17,2024-03-05,115,piece,80.96,9310.4,2
PO-0677,WH-0001,SKU-0006,2023-05-18,2023-05-30,2023-05-01,2023-06-06,343,piece,65.07,22319.01,12
PO-0678,WH-0003,SKU-0052,2023-09-22,2023-09-26,2023-09-05,2023-10-26,356,piece,5.78,2057.68,4
PO-0679,WH-0003,SKU-0037,2023-01-20,2023-02-02,2022-12-27,2023-03-04,93,piece,44.96,4181.28,13
PO-0680,WH-0001,SKU-0029,2024-04-27,2024-05-06,2024-04-21,2025-05-06,475,piece,34.69,16477.75,9
PO-0681,WH-0001,SKU-0080,2024-08-19,2024-09-02,2024-08-13,2024-09-09,387,piece,52.24,20216.88,14
PO-0682,WH-0002,SKU-0076,2023-12-17,2023-12-26,2023-11-27,2024-01-09,85,piece,68.16,5793.6,9
PO-0683,WH-0003,SKU-0026,2023-05-16,2023-05-19,2023-05-15,2023-05-26,317,piece,5.53,1753.01,3
PO-0684,WH-0003,SKU-0013,2024-03-05,2024-03-09,2024-02-14,2024-03-23,140,piece,46.19,6466.6,4
PO-0685,WH-0002,SKU-0065,2023-02-09,2023-02-23,2023-01-22,2023-03-09,435,piece,6.44,2801.4,14
PO-0686,WH-0002,SKU-0001,2023-05-14,2023-05-25,2023-04-26,2023-07-24,446,piece,39.31,17532.26,11
PO-0687,WH-0001,SKU-0006,2024-06-18,2024-06-26,2024-06-06,2024-07-03,407,piece,79.34,32291.38,8
PO-0688,WH-0003,SKU-0049,2024-05-08,2024-05-22,2024-04-13,2024-06-21,229,piece,37.76,8647.04,14
PO-0689,WH-0001,SKU-0018,2024-08-12,2024-08-15,2024-07-29,2024-08-22,180,piece,46.22,8319.6,3
PO-0690,WH-0001,SKU-0070,2023-03-27,2023-04-02,2023-03-07,2023-04-09,259,piece,45.98,11908.82,6
PO-0691,WH-0003,SKU-0016,2023-01-08,2023-01-19,2022-12-22,2023-07-18,316,piece,14.06,4442.96,11
PO-0692,WH-0001,SKU-0041,2023-07-30,2023-08-12,2023-07-04,2023-10-11,259,piece,48.57,12579.63,13
PO-0693,WH-0002,SKU-0033,2024-03-12,2024-03-24,2024-02-22,2024-04-07,183,piece,21.48,3930.84,12
PO-0694,WH-0001,SKU-0036,2024-08-01,2024-08-08,2024-07-12,2024-09-07,398,piece,17.48,6957.04,7
PO-0695,WH-0003,SKU-0072,2024-02-28,2024-03-09,2024-02-02,2025-03-09,297,piece,15.56,4621.32,10
PO-0696,WH-0003,SKU-0040,2024-07-22,2024-07-31,2024-07-13,2025-01-27,345,piece,12.15,4191.75,9
PO-0697,WH-0003,SKU-0016,2024-02-12,2024-02-25,2024-02-07,2024-08-23,432,piece,16.01,6916.32,13
PO-0698,WH-0003,SKU-0066,2023-06-15,2023-06-18,2023-06-08,2023-06-25,255,piece,88.88,22664.4,3
PO-0699,WH-0001,SKU-0001,2023-02-23,2023-02-27,2023-02-10,2023-04-28,461,piece,29.17,13447.37,4
PO-0700,WH-0002,SKU-0012,2024-04-27,2024-05-08,2024-04-13,2025-05-08,82,piece,41.45,3398.9,11
PO-0701,WH-0003,SKU-0050,2023-03-23,2023-04-03,2023-03-21,2024-04-02,255,piece,49.26,12561.3,11
PO-0702,WH-0003,SKU-0008,2023-10-21,2023-11-03,2023-10-01,2023-11-10,446,piece,41.75,18620.5,13
PO-0703,WH-0003,SKU-0026,2024-05-21,2024-05-30,2024-05-20,2024-06-06,485,piece,5.08,2463.8,9
PO-0704,WH-0001,SKU-0077,2023-10-20,2023-10-25,2023-10-18,2023-11-01,311,piece,52.37,16287.07,5
PO-0705,WH-0001,SKU-0047,2023-06-23,2023-07-05,2023-06-21,2023-07-12,172,piece,8.46,1455.12,12
PO-0706,WH-0002,SKU-0052,2023-03-30,2023-04-05,2023-03-05,2023-05-05,230,piece,5.11,1175.3,6
PO-0707,WH-0001,SKU-0002,2024-08-23,2024-08-28,2024-08-06,2024-09-27,427,piece,14.4,6148.8,5
PO-0708,WH-0002,SKU-0072,2024-07-16,2024-07-22,2024-06-22,2025-07-22,348,piece,17.05,5933.4,6
PO-0709,WH-0002,SKU-0059,2023-08-20,2023-08-31,2023-08-13,2023-09-30,256,piece,26.64,6819.84,11
PO-0710,WH-0002,SKU-0014,2023-06-29,2023-07-07,2023-06-12,2023-08-06,336,piece,7.94,2667.84,8
PO-0711,WH-0003,SKU-0066,2023-12-15,2023-12-18,2023-11-19,2023-12-25,181,piece,92.24,16695.44,3
PO-0712,WH-0001,SKU-0049,2023-09-14,2023-09-27,2023-08-30,2023-10-27,338,piece,35.94,12147.72,13
PO-0713,WH-0002,SKU-0059,2023-12-14,2023-12-28,2023-11-29,2024-01-27,350,piece,30.16,10556.0,14
PO-0714,WH-0001,SKU-0049,2023-04-30,2023-05-06,2023-04-27,2023-06-05,374,piece,41.2,15408.8,6
PO-0715,WH-0001,SKU-0053,2023-08-24,2023-09-07,2023-08-13,2023-11-06,230,piece,13.23,3042.9,14
PO-0716,WH-0002,SKU-0012,2023-09-27,2023-10-02,2023-09-17,2024-10-01,254,piece,50.59,12849.86,5
PO-0717,WH-0001,SKU-0023,2023-03-19,2023-03-29,2023-02-17,2023-05-28,293,piece,71.29,20887.97,10
PO-0718,WH-0001,SKU-0025,2024-08-10,2024-08-16,2024-08-04,2025-02-12,305,piece,57.84,17641.2,6
PO-0719,WH-0003,SKU-0030,2023-09-05,2023-09-11,2023-08-29,2023-09-25,153,piece,15.22,2328.66,6
PO-0720,WH-0003,SKU-0014,2023-12-31,2024-01-04,2023-12-06,2024-02-03,111,piece,11.97,1328.67,4
PO-0721,WH-0002,SKU-0070,2024-05-19,2024-05-30,2024-05-18,2024-06-06,71,piece,60.59,4301.89,11
PO-0722,WH-0001,SKU-0074,2023-11-19,2023-11-28,2023-10-21,2023-12-28,494,piece,16.4,8101.6,9
PO-0723,WH-0001,SKU-0029,2024-06-07,2024-06-13,2024-05-25,2025-06-13,434,piece,37.55,16296.7,6
PO-0724,WH-0002,SKU-0062,2024-06-22,2024-07-06,2024-06-08,2024-09-04,326,piece,20.0,6520.0,14
PO-0725,WH-0003,SKU-0023,2024-02-08,2024-02-20,2024-01-14,2024-04-20,284,piece,95.97,27255.48,12
PO-0726,WH-0002,SKU-0002,2024-06-14,2024-06-23,2024-06-03,2024-07-23,56,piece,14.21,795.76,9
PO-0727,WH-0001,SKU-0047,2024-08-17,2024-08-20,2024-08-06,2024-08-27,363,piece,9.23,3350.49,3
PO-0728,WH-0002,SKU-0035,2024-07-15,2024-07-21,2024-07-07,2024-09-19,291,piece,44.13,12841.83,6
PO-0729,WH-0002,SKU-0055,2024-01-10,2024-01-14,2023-12-25,2024-02-13,157,piece,44.92,7052.44,4
PO-0730,WH-0003,SKU-0058,2024-01-09,2024-01-17,2023-12-31,2024-01-31,142,piece,26.6,3777.2,8
PO-0731,WH-0002,SKU-0035,2023-08-23,2023-08-26,2023-07-30,2023-10-25,461,piece,31.67,14599.87,3
PO-0732,WH-0001,SKU-0020,2024-01-26,2024-01-31,2024-01-21,2024-02-07,292,piece,9.02,2633.84,5
PO-0733,WH-0002,SKU-0067,2024-03-07,2024-03-16,2024-03-02,2024-04-15,323,piece,14.5,4683.5,9
PO-0734,WH-0003,SKU-0073,2023-11-04,2023-11-10,2023-10-17,2023-11-24,74,piece,7.49,554.26,6
PO-0735,WH-0001,SKU-0033,2023-06-17,2023-06-19,2023-06-10,2023-07-03,293,piece,21.34,6252.62,2
PO-0736,WH-0003,SKU-0034,2024-04-05,2024-04-18,2024-03-25,2025-04-18,234,piece,9.31,2178.54,13
PO-0737,WH-0003,SKU-0053,2023-09-21,2023-09-28,2023-09-20,2023-11-27,112,piece,12.19,1365.28,7
PO-0738,WH-0002,SKU-0069,2023-07-23,2023-08-03,2023-07-04,2023-08-10,139,piece,44.49,6184.11,11
PO-0739,WH-0002,SKU-0066,2023-12-30,2024-01-06,2023-12-08,2024-01-13,299,piece,88.46,26449.54,7
PO-0740,WH-0001,SKU-0037,2023-03-22,2023-03-30,2023-03-02,2023-04-29,287,piece,55.23,15851.01,8
PO-0741,WH-0003,SKU-0044,2023-06-21,2023-07-03,2023-05-26,2024-07-02,265,piece,55.22,14633.3,12
PO-0742,WH-0002,SKU-0021,2024-02-19,2024-02-22,2024-02-16,2024-03-07,225,piece,16.0,3600.0,3
PO-0743,WH-0002,SKU-0078,2023-10-26,2023-11-08,2023-10-17,2024-01-07,380,piece,49.39,18768.2,13
PO-0744,WH-0001,SKU-0067,2024-01-07,2024-01-20,2023-12-19,2024-02-19,280,piece,12.59,3525.2,13
PO-0745,WH-0003,SKU-0031,2023-01-24,2023-01-28,2022-12-31,2023-07-27,388,piece,45.83,17782.04,4
PO-0746,WH-0002,SKU-0051,2023-03-23,2023-03-28,2023-03-17,2023-09-24,102,piece,8.05,821.1,5
PO-0747,WH-0001,SKU-0051,2024-07-15,2024-07-17,2024-07-14,2025-01-13,318,piece,11.23,3571.14,2
PO-0748,WH-0002,SKU-0020,2023-04-17,2023-04-23,2023-03-28,2023-04-30,93,piece,8.46,786.78,6
PO-0749,WH-0001,SKU-0037,2023-11-13,2023-11-18,2023-11-05,2023-12-18,276,piece,55.11,15210.36,5
PO-0750,WH-0002,SKU-0005,2024-06-23,2024-06-27,2024-06-22,2024-08-26,389,piece,33.76,13132.64,4
PO-0751,WH-0001,SKU-0070,2024-05-02,2024-05-11,2024-04-04,2024-05-18,189,piece,53.18,10051.02,9
PO-0752,WH-0003,SKU-0077,2024-07-06,2024-07-10,2024-06-17,2024-07-17,283,piece,55.22,15627.26,4
PO-0753,WH-0002,SKU-0069,2024-07-31,2024-08-08,2024-07-14,2024-08-15,208,piece,43.28,9002.24,8
PO-0754,WH-0002,SKU-0012,2024-07-06,2024-07-11,2024-06-10,2025-07-11,276,piece,42.45,11716.2,5
PO-0755,WH-0001,SKU-0002,2023-09-24,2023-09-28,2023-09-14,2023-10-28,50,piece,13.27,663.5,4
PO-0756,WH-0002,SKU-0069,2023-12-19,2023-12-25,2023-12-03,2024-01-01,54,piece,39.46,2130.84,6
PO-0757,WH-0001,SKU-0056,2024-05-03,2024-05-09,2024-05-02,2024-07-08,458,piece,11.83,5418.14,6
PO-0758,WH-0002,SKU-0025,2023-01-08,2023-01-18,2022-12-27,2023-07-17,260,piece,61.43,15971.8,10
PO-0759,WH-0002,SKU-0050,2024-02-09,2024-02-14,2024-02-03,2025-02-13,474,piece,44.02,20865.48,5
PO-0760,WH-0003,SKU-0031,2023-03-23,2023-03-31,2023-03-02,2023-09-27,314,piece,58.52,18375.28,8
PO-0761,WH-0001,SKU-0069,2023-10-06,2023-10-12,2023-09-15,2023-10-19,464,piece,32.24,14959.36,6
PO-0762,WH-0003,SKU-0038,2023-03-12,2023-03-16,2023-03-07,2023-03-23,106,piece,38.59,4090.54,4
PO-0763,WH-0001,SKU-0080,2024-04-08,2024-04-14,2024-03-16,2024-04-21,301,piece,44.25,13319.25,6
PO-0764,WH-0002,SKU-0003,2023-06-05,2023-06-07,2023-05-18,2024-06-06,145,piece,57.23,8298.35,2
PO-0765,WH-0001,SKU-0057,2023-10-03,2023-10-07,2023-09-10,2023-11-06,422,piece,6.03,2544.66,4
PO-0766,WH-0002,SKU-0028,2023-06-04,2023-06-06,2023-05-19,2023-07-06,225,piece,9.6,2160.0,2
PO-0767,WH-0001,SKU-0005,2024-01-16,2024-01-25,2023-12-24,2024-03-25,219,piece,28.98,6346.62,9
PO-0768,WH-0001,SKU-0051,2023-02-27,2023-03-05,2023-02-02,2023-09-01,86,piece,10.18,875.48,6
PO-0769,WH-0003,SKU-0049,2023-07-16,2023-07-22,2023-06-19,2023-08-21,474,piece,27.82,13186.68,6
PO-0770,WH-0001,SKU-0057,2023-09-12,2023-09-20,2023-08-18,2023-10-20,176,piece,8.77,1543.52,8
PO-0771,WH-0001,SKU-0013,2023-07-23,2023-08-01,2023-06-29,2023-08-15,316,piece,50.42,15932.72,9
PO-0772,WH-0003,SKU-0040,2024-04-29,2024-05-07,2024-04-07,2024-11-03,215,piece,10.99,2362.85,8
PO-0773,WH-0002,SKU-0071,2023-02-13,2023-02-26,2023-01-14,2023-03-12,316,piece,38.32,12109.12,13
PO-0774,WH-0001,SKU-0007,2023-11-02,2023-11-07,2023-10-21,2024-11-06,492,piece,10.77,5298.84,5
PO-0775,WH-0002,SKU-0042,2023-08-30,2023-09-11,2023-08-16,2023-09-25,57,piece,6.63,377.91,12
PO-0776,WH-0003,SKU-0032,2024-08-21,2024-08-24,2024-08-08,2024-10-23,54,piece,12.2,658.8,3
PO-0777,WH-0001,SKU-0020,2024-05-01,2024-05-14,2024-04-11,2024-05-21,240,piece,8.89,2133.6,13
PO-0778,WH-0003,SKU-0080,2023-06-11,2023-06-20,2023-06-08,2023-06-27,223,piece,62.64,13968.72,9
PO-0779,WH-0001,SKU-0020,2023-03-03,2023-03-05,2023-02-19,2023-03-12,409,piece,8.01,3276.09,2
PO-0780,WH-0002,SKU-0041,2023-05-09,2023-05-18,2023-05-01,2023-07-17,335,piece,59.12,19805.2,9
PO-0781,WH-0003,SKU-0003,2024-03-25,2024-04-07,2024-03-18,2025-04-07,402,piece,44.01,17692.02,13
PO-0782,WH-0003,SKU-0006,2023-05-18,2023-05-24,2023-04-19,2023-05-31,298,piece,85.92,25604.16,6
PO-0783,WH-0003,SKU-0063,2023-10-29,2023-11-08,2023-10-06,2023-11-15,147,piece,8.13,1195.11,10
PO-0784,WH-0003,SKU-0060,2023-12-23,2023-12-30,2023-11-29,2024-01-29,190,piece,91.92,17464.8,7
PO-0785,WH-0002,SKU-0068,2024-07-21,2024-07-25,2024-07-18,2024-09-23,129,piece,45.6,5882.4,4
PO-0786,WH-0002,SKU-0001,2024-07-08,2024-07-15,2024-06-23,2024-09-13,447,piece,38.61,17258.67,7
PO-0787,WH-0002,SKU-0047,2023-07-09,2023-07-11,2023-06-19,2023-07-18,447,piece,8.33,3723.51,2
PO-0788,WH-0002,SKU-0050,2023-03-06,2023-03-18,2023-02-16,2024-03-17,147,piece,47.26,6947.22,12
PO-0789,WH-0002,SKU-0037,2024-07-18,2024-07-22,2024-06-28,2024-08-21,215,piece,49.74,10694.1,4
PO-0790,WH-0001,SKU-0009,2023-04-24,2023-04-27,2023-04-07,2023-05-11,72,piece,54.18,3900.96,3
PO-0791,WH-0001,SKU-0014,2023-07-02,2023-07-04,2023-06-25,2023-08-03,298,piece,8.51,2535.98,2
PO-0792,WH-0003,SKU-0050,2024-08-07,2024-08-19,2024-07-11,2025-08-19,386,piece,46.5,17949.0,12
PO-0793,WH-0001,SKU-0029,2023-09-20,2023-09-22,2023-09-08,2024-09-21,360,piece,39.98,14392.8,2
PO-0794,WH-0001,SKU-0011,2023-08-02,2023-08-14,2023-07-17,2023-10-13,289,piece,15.01,4337.89,12
PO-0795,WH-0003,SKU-0054,2024-01-05,2024-01-15,2023-12-12,2024-03-15,470,piece,7.38,3468.6,10
PO-0796,WH-0002,SKU-0068,2023-03-01,2023-03-12,2023-02-20,2023-05-11,70,piece,51.94,3635.8,11
PO-0797,WH-0003,SKU-0013,2023-03-21,2023-03-26,2023-03-04,2023-04-09,101,piece,51.74,5225.74,5
PO-0798,WH-0003,SKU-0068,2024-01-30,2024-02-04,2024-01-23,2024-04-04,386,piece,41.13,15876.18,5
PO-0799,WH-0003,SKU-0072,2023-07-03,2023-07-13,2023-06-09,2024-07-12,262,piece,20.53,5378.86,10
PO-0800,WH-0001,SKU-0059,2024-08-13,2024-08-20,2024-07-22,2024-09-19,409,piece,27.75,11349.75,7
