po_id,warehouse_id,store_id,transfer_date,receive_date,qty
PO-0001,WH-0002,STORE-0009,2023-03-23,2023-03-24,56
PO-0002,WH-0001,STORE-0010,2023-04-28,2023-04-29,283
PO-0002,WH-0001,STORE-0009,2023-04-30,2023-05-01,50
PO-0002,WH-0001,STORE-0007,2023-05-02,2023-05-04,79
PO-0003,WH-0002,STORE-0004,2024-07-02,2024-07-04,321
PO-0003,WH-0002,STORE-0009,2024-07-03,2024-07-05,58
PO-0003,WH-0002,STORE-0006,2024-07-05,2024-07-06,84
PO-0004,WH-0001,STORE-0005,2024-04-30,2024-05-02,18
PO-0004,WH-0001,STORE-0009,2024-04-30,2024-04-30,169
PO-0005,WH-0003,STORE-0004,2023-04-07,2023-04-07,174
PO-0006,WH-0002,STORE-0005,2024-02-03,2024-02-05,485
PO-0007,WH-0003,STORE-0008,2023-08-14,2023-08-15,224
PO-0008,WH-0003,STORE-0006,2023-10-22,2023-10-24,147
PO-0009,WH-0003,STORE-0005,2024-03-03,2024-03-03,403
PO-0010,WH-0002,STORE-0006,2024-05-27,2024-05-28,19
PO-0010,WH-0002,STORE-0010,2024-05-28,2024-05-28,41
PO-0010,WH-0002,STORE-0001,2024-05-30,2024-06-01,37
PO-0011,WH-0003,STORE-0006,2023-09-14,2023-09-15,238
PO-0012,WH-0002,STORE-0004,2023-12-28,2023-12-30,207
PO-0012,WH-0002,STORE-0007,2023-12-28,2023-12-28,12
PO-0013,WH-0002,STORE-0009,2023-10-12,2023-10-14,50
PO-0013,WH-0002,STORE-0009,2023-10-13,2023-10-15,30
PO-0013,WH-0002,STORE-0003,2023-10-14,2023-10-14,31
PO-0014,WH-0002,STORE-0004,2023-05-19,2023-05-20,33
PO-0014,WH-0002,STORE-0007,2023-05-21,2023-05-21,115
PO-0015,WH-0001,STORE-0010,2023-10-25,2023-10-27,253
PO-0015,WH-0001,STORE-0009,2023-10-25,2023-10-26,102
PO-0016,WH-0003,STORE-0009,2023-07-26,2023-07-27,141
PO-0017,WH-0003,STORE-0009,2024-07-06,2024-07-06,77
PO-0018,WH-0003,STORE-0004,2023-05-25,2023-05-27,83
PO-0018,WH-0003,STORE-0004,2023-05-26,2023-05-26,19
PO-0019,WH-0001,STORE-0010,2023-10-30,2023-10-30,185
PO-0019,WH-0001,STORE-0007,2023-10-30,2023-10-31,39
PO-0020,WH-0003,STORE-0006,2023-09-26,2023-09-28,92
PO-0020,WH-0003,STORE-0005,2023-09-26,2023-09-26,163
PO-0021,WH-0001,STORE-0003,2023-03-02,2023-03-03,169
PO-0021,WH-0001,STORE-0004,2023-03-02,2023-03-04,17
PO-0021,WH-0001,STORE-0003,2023-03-04,2023-03-06,19
PO-0022,WH-0003,STORE-0001,2023-05-15,2023-05-15,360
PO-0023,WH-0002,STORE-0002,2023-09-04,2023-09-05,185
PO-0023,WH-0002,STORE-0008,2023-09-07,2023-09-07,95
PO-0024,WH-0003,STORE-0009,2024-03-24,2024-03-24,80
PO-0025,WH-0001,STORE-0009,2023-04-29,2023-04-30,76
PO-0025,WH-0001,STORE-0001,2023-04-30,2023-05-01,98
PO-0025,WH-0001,STORE-0005,2023-04-30,2023-04-30,11
PO-0026,WH-0002,STORE-0010,2023-09-08,2023-09-09,111
PO-0026,WH-0002,STORE-0008,2023-09-08,2023-09-10,19
PO-0027,WH-0003,STORE-0005,2024-05-04,2024-05-06,197
PO-0028,WH-0003,STORE-0005,2024-04-13,2024-04-15,185
PO-0029,WH-0002,STORE-0009,2023-08-01,2023-08-03,165
PO-0030,WH-0003,STORE-0009,2023-05-31,2023-05-31,315
PO-0030,WH-0003,STORE-0004,2023-06-01,2023-06-03,140
PO-0031,WH-0003,STORE-0001,2024-08-14,2024-08-14,21
PO-0031,WH-0003,STORE-0008,2024-08-16,2024-08-17,95
PO-0031,WH-0003,STORE-0001,2024-08-17,2024-08-18,173
PO-0032,WH-0003,STORE-0004,2024-02-26,2024-02-28,164
PO-0032,WH-0003,STORE-0001,2024-02-28,2024-03-01,138
PO-0033,WH-0001,STORE-0005,2023-02-19,2023-02-19,294
PO-0033,WH-0001,STORE-0006,2023-02-20,2023-02-21,65
PO-0034,WH-0003,STORE-0007,2023-09-07,2023-09-09,350
PO-0035,WH-0002,STORE-0007,2023-10-15,2023-10-16,88
PO-0035,WH-0002,STORE-0008,2023-10-17,2023-10-19,202
PO-0036,WH-0001,STORE-0003,2023-10-19,2023-10-21,375
PO-0037,WH-0001,STORE-0009,2024-05-05,2024-05-05,214
PO-0038,WH-0002,STORE-0010,2023-12-15,2023-12-15,197
PO-0039,WH-0001,STORE-0009,2024-07-22,2024-07-24,211
PO-0040,WH-0002,STORE-0003,2024-03-01,2024-03-03,386
PO-0041,WH-0002,STORE-0005,2024-03-03,2024-03-04,115
PO-0041,WH-0002,STORE-0003,2024-03-05,2024-03-05,120
PO-0042,WH-0002,STORE-0001,2024-04-12,2024-04-14,186
PO-0043,WH-0003,STORE-0004,2024-04-09,2024-04-11,49
PO-0043,WH-0003,STORE-0001,2024-04-10,2024-04-11,10
PO-0043,WH-0003,STORE-0008,2024-04-10,2024-04-10,5
PO-0044,WH-0002,STORE-0003,2023-09-19,2023-09-20,201
PO-0044,WH-0002,STORE-0003,2023-09-22,2023-09-22,70
PO-0044,WH-0002,STORE-0004,2023-09-23,2023-09-23,61
PO-0045,WH-0003,STORE-0007,2023-04-13,2023-04-13,286
PO-0046,WH-0002,STORE-0003,2023-06-17,2023-06-18,310
PO-0047,WH-0001,STORE-0004,2024-05-20,2024-05-21,244
PO-0047,WH-0001,STORE-0010,2024-05-23,2024-05-25,15
PO-0047,WH-0001,STORE-0006,2024-05-26,2024-05-27,73
PO-0048,WH-0002,STORE-0008,2024-06-18,2024-06-18,241
PO-0048,WH-0002,STORE-0009,2024-06-19,2024-06-20,142
PO-0048,WH-0002,STORE-0009,2024-06-19,2024-06-20,109
PO-0049,WH-0003,STORE-0008,2023-12-31,2024-01-01,470
PO-0050,WH-0003,STORE-0007,2023-11-15,2023-11-16,95
PO-0050,WH-0003,STORE-0009,2023-11-15,2023-11-15,398
PO-0051,WH-0002,STORE-0009,2024-05-19,2024-05-19,56
PO-0051,WH-0002,STORE-0009,2024-05-20,2024-05-20,309
PO-0051,WH-0002,STORE-0007,2024-05-23,2024-05-24,75
PO-0052,WH-0002,STORE-0008,2023-12-02,2023-12-04,342
PO-0053,WH-0002,STORE-0006,2023-02-22,2023-02-24,138
PO-0053,WH-0002,STORE-0002,2023-02-23,2023-02-23,273
PO-0054,WH-0001,STORE-0002,2024-02-14,2024-02-16,195
PO-0054,WH-0001,STORE-0010,2024-02-17,2024-02-17,75
PO-0054,WH-0001,STORE-0009,2024-02-20,2024-02-21,33
PO-0055,WH-0001,STORE-0010,2024-06-11,2024-06-13,497
PO-0056,WH-0001,STORE-0003,2024-07-02,2024-07-04,259
PO-0057,WH-0002,STORE-0008,2023-03-29,2023-03-30,89
PO-0057,WH-0002,STORE-0002,2023-03-30,2023-03-30,134
PO-0058,WH-0003,STORE-0005,2023-04-03,2023-04-03,244
PO-0059,WH-0003,STORE-0010,2024-05-26,2024-05-27,10
PO-0059,WH-0003,STORE-0004,2024-05-27,2024-05-29,75
PO-0060,WH-0003,STORE-0002,2023-10-29,2023-10-31,123
PO-0060,WH-0003,STORE-0004,2023-10-29,2023-10-31,149
PO-0061,WH-0001,STORE-0004,2023-04-25,2023-04-25,45
PO-0061,WH-0001,STORE-0001,2023-04-26,2023-04-28,10
PO-0061,WH-0001,STORE-0001,2023-04-28,2023-04-28,9
PO-0062,WH-0002,STORE-0005,2023-11-07,2023-11-08,87
PO-0062,WH-0002,STORE-0002,2023-11-07,2023-11-08,11
PO-0062,WH-0002,STORE-0003,2023-11-08,2023-11-10,26
PO-0063,WH-0003,STORE-0010,2024-08-17,2024-08-19,98
PO-0063,WH-0003,STORE-0010,2024-08-18,2024-08-19,24
PO-0063,WH-0003,STORE-0002,2024-08-18,2024-08-19,15
PO-0064,WH-0001,STORE-0007,2024-02-09,2024-02-11,44
PO-0064,WH-0001,STORE-0005,2024-02-09,2024-02-10,260
PO-0065,WH-0001,STORE-0005,2023-09-07,2023-09-08,285
PO-0066,WH-0002,STORE-0004,2024-04-28,2024-04-30,99
PO-0066,WH-0002,STORE-0010,2024-04-28,2024-04-30,11
PO-0066,WH-0002,STORE-0008,2024-04-28,2024-04-30,20
PO-0067,WH-0001,STORE-0005,2023-11-18,2023-11-20,172
PO-0067,WH-0001,STORE-0003,2023-11-20,2023-11-22,111
PO-0068,WH-0003,STORE-0008,2024-02-10,2024-02-11,171
PO-0068,WH-0003,STORE-0004,2024-02-11,2024-02-13,49
PO-0068,WH-0003,STORE-0004,2024-02-13,2024-02-13,25
PO-0069,WH-0002,STORE-0002,2023-11-14,2023-11-16,474
PO-0070,WH-0002,STORE-0001,2023-01-22,2023-01-23,221
PO-0070,WH-0002,STORE-0004,2023-01-24,2023-01-24,81
PO-0070,WH-0002,STORE-0005,2023-01-25,2023-01-26,58
PO-0071,WH-0003,STORE-0009,2023-09-06,2023-09-07,139
PO-0071,WH-0003,STORE-0002,2023-09-06,2023-09-08,23
PO-0072,WH-0003,STORE-0010,2023-09-28,2023-09-28,301
PO-0072,WH-0003,STORE-0004,2023-09-29,2023-09-30,70
PO-0073,WH-0003,STORE-0001,2023-02-18,2023-02-20,40
PO-0073,WH-0003,STORE-0003,2023-02-19,2023-02-21,17
PO-0073,WH-0003,STORE-0009,2023-02-22,2023-02-23,10
PO-0074,WH-0001,STORE-0009,2023-05-21,2023-05-22,24
PO-0074,WH-0001,STORE-0009,2023-05-23,2023-05-25,193
PO-0075,WH-0003,STORE-0006,2023-08-01,2023-08-02,498
PO-0076,WH-0002,STORE-0001,2024-06-05,2024-06-06,181
PO-0077,WH-0001,STORE-0003,2023-11-15,2023-11-17,441
PO-0077,WH-0001,STORE-0010,2023-11-18,2023-11-18,10
PO-0077,WH-0001,STORE-0006,2023-11-20,2023-11-22,10
PO-0078,WH-0002,STORE-0008,2023-06-10,2023-06-10,54
PO-0078,WH-0002,STORE-0008,2023-06-12,2023-06-13,429
PO-0079,WH-0002,STORE-0002,2023-04-19,2023-04-20,54
PO-0079,WH-0002,STORE-0004,2023-04-19,2023-04-19,109
PO-0079,WH-0002,STORE-0009,2023-04-22,2023-04-22,22
PO-0080,WH-0003,STORE-0006,2024-01-26,2024-01-27,107
PO-0080,WH-0003,STORE-0006,2024-01-28,2024-01-28,208
PO-0080,WH-0003,STORE-0009,2024-01-28,2024-01-30,34
PO-0081,WH-0003,STORE-0001,2024-01-22,2024-01-23,291
PO-0082,WH-0003,STORE-0001,2023-12-16,2023-12-17,69
PO-0082,WH-0003,STORE-0006,2023-12-16,2023-12-17,54
PO-0082,WH-0003,STORE-0002,2023-12-16,2023-12-18,252
PO-0083,WH-0001,STORE-0005,2023-11-21,2023-11-23,121
PO-0084,WH-0001,STORE-0005,2023-11-18,2023-11-19,59
PO-0084,WH-0001,STORE-0008,2023-11-20,2023-11-22,111
PO-0085,WH-0003,STORE-0005,2024-02-12,2024-02-12,50
PO-0085,WH-0003,STORE-0010,2024-02-12,2024-02-14,214
PO-0086,WH-0002,STORE-0006,2023-06-19,2023-06-21,476
PO-0087,WH-0001,STORE-0010,2023-10-17,2023-10-17,82
PO-0087,WH-0001,STORE-0002,2023-10-18,2023-10-19,79
PO-0088,WH-0003,STORE-0003,2024-01-12,2024-01-12,35
PO-0088,WH-0003,STORE-0002,2024-01-15,2024-01-16,35
PO-0088,WH-0003,STORE-0002,2024-01-15,2024-01-16,258
PO-0089,WH-0002,STORE-0010,2024-01-08,2024-01-10,147
PO-0090,WH-0002,STORE-0006,2023-04-18,2023-04-18,29
PO-0090,WH-0002,STORE-0010,2023-04-18,2023-04-18,17
PO-0090,WH-0002,STORE-0008,2023-04-18,2023-04-18,14
PO-0091,WH-0003,STORE-0008,2023-09-14,2023-09-14,129
PO-0091,WH-0003,STORE-0003,2023-09-15,2023-09-17,26
PO-0092,WH-0003,STORE-0006,2023-08-14,2023-08-15,56
PO-0092,WH-0003,STORE-0008,2023-08-17,2023-08-17,162
PO-0093,WH-0001,STORE-0008,2023-01-10,2023-01-11,54
PO-0093,WH-0001,STORE-0005,2023-01-11,2023-01-12,62
PO-0094,WH-0001,STORE-0002,2023-05-06,2023-05-07,61
PO-0094,WH-0001,STORE-0009,2023-05-06,2023-05-07,29
PO-0094,WH-0001,STORE-0010,2023-05-09,2023-05-10,27
PO-0095,WH-0002,STORE-0003,2023-12-01,2023-12-02,45
PO-0095,WH-0002,STORE-0006,2023-12-04,2023-12-04,11
PO-0095,WH-0002,STORE-0007,2023-12-07,2023-12-09,20
PO-0096,WH-0002,STORE-0003,2024-06-28,2024-06-30,130
PO-0096,WH-0002,STORE-0002,2024-06-28,2024-06-30,134
PO-0096,WH-0002,STORE-0006,2024-07-01,2024-07-03,29
PO-0097,WH-0003,STORE-0007,2024-06-21,2024-06-21,167
PO-0097,WH-0003,STORE-0010,2024-06-21,2024-06-22,140
PO-0098,WH-0001,STORE-0001,2023-03-02,2023-03-02,179
PO-0098,WH-0001,STORE-0003,2023-03-03,2023-03-05,25
PO-0099,WH-0002,STORE-0003,2023-03-16,2023-03-17,268
PO-0100,WH-0001,STORE-0008,2024-04-05,2024-04-05,157
PO-0100,WH-0001,STORE-0006,2024-04-06,2024-04-07,57
PO-0101,WH-0002,STORE-0002,2023-05-19,2023-05-21,186
PO-0101,WH-0002,STORE-0010,2023-05-19,2023-05-21,144
PO-0102,WH-0003,STORE-0001,2024-07-05,2024-07-06,359
PO-0103,WH-0002,STORE-0009,2023-05-13,2023-05-14,419
PO-0104,WH-0002,STORE-0007,2024-04-13,2024-04-15,130
PO-0104,WH-0002,STORE-0006,2024-04-16,2024-04-18,343
PO-0105,WH-0001,STORE-0009,2023-04-17,2023-04-17,232
PO-0105,WH-0001,STORE-0008,2023-04-18,2023-04-18,158
PO-0106,WH-0003,STORE-0007,2024-05-05,2024-05-05,56
PO-0106,WH-0003,STORE-0003,2024-05-07,2024-05-07,31
PO-0106,WH-0003,STORE-0002,2024-05-07,2024-05-09,10
PO-0107,WH-0003,STORE-0008,2024-02-03,2024-02-05,80
PO-0108,WH-0003,STORE-0003,2024-08-06,2024-08-08,260
PO-0109,WH-0001,STORE-0007,2024-03-25,2024-03-27,319
PO-0109,WH-0001,STORE-0008,2024-03-26,2024-03-28,38
PO-0110,WH-0001,STORE-0006,2024-08-26,2024-08-26,206
PO-0110,WH-0001,STORE-0010,2024-08-27,2024-08-27,118
PO-0110,WH-0001,STORE-0004,2024-08-30,2024-09-01,62
PO-0111,WH-0001,STORE-0006,2024-01-07,2024-01-07,305
PO-0111,WH-0001,STORE-0010,2024-01-07,2024-01-08,135
PO-0112,WH-0003,STORE-0008,2024-03-28,2024-03-30,364
PO-0113,WH-0003,STORE-0009,2023-02-10,2023-02-11,64
PO-0114,WH-0003,STORE-0010,2023-11-21,2023-11-21,76
PO-0114,WH-0003,STORE-0002,2023-11-22,2023-11-24,40
PO-0114,WH-0003,STORE-0010,2023-11-24,2023-11-24,26
PO-0115,WH-0001,STORE-0008,2024-02-19,2024-02-21,70
PO-0115,WH-0001,STORE-0006,2024-02-22,2024-02-23,14
PO-0115,WH-0001,STORE-0005,2024-02-24,2024-02-25,12
PO-0116,WH-0003,STORE-0010,2024-02-01,2024-02-03,130
PO-0117,WH-0001,STORE-0001,2023-12-16,2023-12-18,43
PO-0117,WH-0001,STORE-0003,2023-12-19,2023-12-21,28
PO-0117,WH-0001,STORE-0005,2023-12-19,2023-12-21,22
PO-0118,WH-0002,STORE-0003,2023-06-27,2023-06-29,52
PO-0118,WH-0002,STORE-0005,2023-06-27,2023-06-28,343
PO-0119,WH-0003,STORE-0005,2024-03-21,2024-03-21,80
PO-0119,WH-0003,STORE-0003,2024-03-21,2024-03-23,164
PO-0119,WH-0003,STORE-0008,2024-03-22,2024-03-23,18
PO-0120,WH-0003,STORE-0008,2023-05-07,2023-05-07,70
PO-0120,WH-0003,STORE-0006,2023-05-07,2023-05-07,125
PO-0121,WH-0003,STORE-0008,2024-05-24,2024-05-25,63
PO-0121,WH-0003,STORE-0008,2024-05-27,2024-05-29,10
PO-0122,WH-0002,STORE-0006,2023-03-03,2023-03-03,158
PO-0123,WH-0001,STORE-0003,2023-11-01,2023-11-02,304
PO-0124,WH-0003,STORE-0009,2023-05-23,2023-05-23,253
PO-0124,WH-0003,STORE-0007,2023-05-26,2023-05-27,53
PO-0125,WH-0001,STORE-0007,2024-01-04,2024-01-04,273
PO-0126,WH-0002,STORE-0006,2023-11-30,2023-12-02,183
PO-0126,WH-0002,STORE-0002,2023-11-30,2023-12-02,74
PO-0127,WH-0003,STORE-0005,2023-10-30,2023-10-31,176
PO-0127,WH-0003,STORE-0005,2023-11-01,2023-11-01,40
PO-0128,WH-0001,STORE-0008,2024-05-02,2024-05-04,60
PO-0128,WH-0001,STORE-0009,2024-05-03,2024-05-04,16
PO-0128,WH-0001,STORE-0006,2024-05-04,2024-05-06,19
PO-0129,WH-0002,STORE-0001,2023-09-16,2023-09-17,44
PO-0129,WH-0002,STORE-0002,2023-09-16,2023-09-18,144
PO-0129,WH-0002,STORE-0006,2023-09-19,2023-09-19,130
PO-0130,WH-0001,STORE-0001,2023-12-20,2023-12-22,14
PO-0130,WH-0001,STORE-0001,2023-12-20,2023-12-22,75
PO-0131,WH-0003,STORE-0002,2024-07-10,2024-07-10,41
PO-0131,WH-0003,STORE-0010,2024-07-11,2024-07-11,106
PO-0131,WH-0003,STORE-0003,2024-07-11,2024-07-12,82
PO-0132,WH-0003,STORE-0008,2023-06-09,2023-06-10,29
PO-0132,WH-0003,STORE-0006,2023-06-12,2023-06-13,152
PO-0133,WH-0003,STORE-0001,2023-06-22,2023-06-23,140
PO-0134,WH-0003,STORE-0005,2024-05-30,2024-05-30,142
PO-0134,WH-0003,STORE-0002,2024-06-02,2024-06-03,297
PO-0135,WH-0003,STORE-0008,2024-08-15,2024-08-15,55
PO-0135,WH-0003,STORE-0007,2024-08-16,2024-08-16,148
PO-0135,WH-0003,STORE-0008,2024-08-16,2024-08-18,12
PO-0136,WH-0002,STORE-0002,2023-11-25,2023-11-25,290
PO-0137,WH-0002,STORE-0003,2023-10-21,2023-10-23,264
PO-0137,WH-0002,STORE-0001,2023-10-21,2023-10-23,45
PO-0138,WH-0003,STORE-0006,2024-04-10,2024-04-11,368
PO-0138,WH-0003,STORE-0009,2024-04-10,2024-04-12,107
PO-0139,WH-0003,STORE-0002,2023-04-16,2023-04-18,113
PO-0139,WH-0003,STORE-0001,2023-04-17,2023-04-18,133
PO-0140,WH-0003,STORE-0009,2023-02-24,2023-02-25,383
PO-0141,WH-0002,STORE-0001,2024-05-14,2024-05-16,215
PO-0141,WH-0002,STORE-0009,2024-05-14,2024-05-15,33
PO-0141,WH-0002,STORE-0008,2024-05-14,2024-05-15,32
PO-0142,WH-0002,STORE-0001,2023-04-10,2023-04-11,70
PO-0143,WH-0002,STORE-0002,2024-04-07,2024-04-09,59
PO-0143,WH-0002,STORE-0008,2024-04-09,2024-04-09,72
PO-0144,WH-0003,STORE-0001,2024-02-10,2024-02-10,81
PO-0144,WH-0003,STORE-0008,2024-02-10,2024-02-11,132
PO-0144,WH-0003,STORE-0009,2024-02-10,2024-02-12,184
PO-0145,WH-0002,STORE-0001,2023-12-15,2023-12-15,240
PO-0145,WH-0002,STORE-0001,2023-12-17,2023-12-18,95
PO-0146,WH-0001,STORE-0009,2023-09-30,2023-10-01,118
PO-0146,WH-0001,STORE-0010,2023-10-01,2023-10-01,379
PO-0147,WH-0003,STORE-0003,2024-09-03,2024-09-04,208
PO-0148,WH-0003,STORE-0004,2024-02-13,2024-02-15,21
PO-0148,WH-0003,STORE-0001,2024-02-14,2024-02-14,187
PO-0149,WH-0002,STORE-0010,2023-12-08,2023-12-08,68
PO-0149,WH-0002,STORE-0002,2023-12-08,2023-12-08,29
PO-0150,WH-0001,STORE-0002,2024-06-14,2024-06-14,66
PO-0150,WH-0001,STORE-0007,2024-06-17,2024-06-18,53
PO-0150,WH-0001,STORE-0010,2024-06-17,2024-06-19,89
PO-0151,WH-0001,STORE-0010,2023-12-31,2023-12-31,21
PO-0151,WH-0001,STORE-0002,2024-01-02,2024-01-02,144
PO-0152,WH-0003,STORE-0003,2023-03-29,2023-03-31,309
PO-0153,WH-0001,STORE-0004,2024-06-26,2024-06-28,234
PO-0153,WH-0001,STORE-0002,2024-06-26,2024-06-28,44
PO-0153,WH-0001,STORE-0003,2024-06-29,2024-06-29,220
PO-0154,WH-0003,STORE-0001,2024-01-26,2024-01-26,475
PO-0155,WH-0003,STORE-0005,2023-07-05,2023-07-06,161
PO-0155,WH-0003,STORE-0004,2023-07-08,2023-07-08,26
PO-0155,WH-0003,STORE-0009,2023-07-10,2023-07-11,73
PO-0156,WH-0002,STORE-0010,2023-09-11,2023-09-13,435
PO-0157,WH-0001,STORE-0008,2023-09-08,2023-09-10,377
PO-0157,WH-0001,STORE-0006,2023-09-08,2023-09-09,48
PO-0157,WH-0001,STORE-0009,2023-09-08,2023-09-08,39
PO-0158,WH-0002,STORE-0002,2024-01-27,2024-01-29,286
PO-0159,WH-0003,STORE-0008,2024-06-11,2024-06-13,122
PO-0159,WH-0003,STORE-0001,2024-06-12,2024-06-12,151
PO-0159,WH-0003,STORE-0003,2024-06-12,2024-06-14,195
PO-0160,WH-0001,STORE-0001,2023-05-29,2023-05-29,91
PO-0160,WH-0001,STORE-0005,2023-05-31,2023-05-31,406
PO-0161,WH-0002,STORE-0008,2024-06-17,2024-06-17,325
PO-0161,WH-0002,STORE-0001,2024-06-17,2024-06-19,115
PO-0162,WH-0001,STORE-0008,2024-06-14,2024-06-16,96
PO-0163,WH-0003,STORE-0008,2024-04-14,2024-04-16,262
PO-0164,WH-0002,STORE-0006,2024-01-24,2024-01-24,201
PO-0164,WH-0002,STORE-0006,2024-01-24,2024-01-24,40
PO-0165,WH-0001,STORE-0007,2023-04-28,2023-04-28,455
PO-0166,WH-0002,STORE-0008,2023-10-31,2023-11-02,438
PO-0167,WH-0003,STORE-0003,2023-01-11,2023-01-11,160
PO-0168,WH-0001,STORE-0006,2024-07-04,2024-07-04,171
PO-0169,WH-0002,STORE-0005,2023-09-11,2023-09-11,193
PO-0169,WH-0002,STORE-0001,2023-09-13,2023-09-15,26
PO-0169,WH-0002,STORE-0005,2023-09-13,2023-09-13,65
PO-0170,WH-0001,STORE-0003,2024-07-06,2024-07-07,224
PO-0170,WH-0001,STORE-0005,2024-07-07,2024-07-09,120
PO-0171,WH-0002,STORE-0010,2023-11-06,2023-11-08,53
PO-0171,WH-0002,STORE-0007,2023-11-07,2023-11-09,32
PO-0171,WH-0002,STORE-0004,2023-11-10,2023-11-12,145
PO-0172,WH-0001,STORE-0007,2023-07-25,2023-07-27,17
PO-0172,WH-0001,STORE-0004,2023-07-26,2023-07-27,301
PO-0173,WH-0002,STORE-0003,2024-07-03,2024-07-05,312
PO-0173,WH-0002,STORE-0001,2024-07-03,2024-07-03,11
PO-0173,WH-0002,STORE-0009,2024-07-06,2024-07-06,10
PO-0174,WH-0002,STORE-0002,2023-02-28,2023-03-01,132
PO-0174,WH-0002,STORE-0002,2023-03-03,2023-03-05,17
PO-0174,WH-0002,STORE-0007,2023-03-03,2023-03-03,30
PO-0175,WH-0002,STORE-0002,2023-03-20,2023-03-20,132
PO-0175,WH-0002,STORE-0005,2023-03-23,2023-03-23,313
PO-0176,WH-0001,STORE-0001,2023-05-22,2023-05-23,159
PO-0176,WH-0001,STORE-0007,2023-05-25,2023-05-25,18
PO-0176,WH-0001,STORE-0008,2023-05-27,2023-05-29,46
PO-0177,WH-0003,STORE-0006,2024-05-04,2024-05-06,207
PO-0177,WH-0003,STORE-0007,2024-05-04,2024-05-05,85
PO-0177,WH-0003,STORE-0002,2024-05-05,2024-05-07,173
PO-0178,WH-0001,STORE-0006,2024-04-16,2024-04-16,42
PO-0178,WH-0001,STORE-0006,2024-04-16,2024-04-17,16
PO-0178,WH-0001,STORE-0006,2024-04-16,2024-04-17,14
PO-0179,WH-0002,STORE-0002,2023-11-29,2023-12-01,370
PO-0179,WH-0002,STORE-0006,2023-11-30,2023-11-30,27
PO-0179,WH-0002,STORE-0008,2023-11-30,2023-12-02,70
PO-0180,WH-0001,STORE-0006,2023-02-22,2023-02-23,92
PO-0180,WH-0001,STORE-0001,2023-02-25,2023-02-25,45
PO-0180,WH-0001,STORE-0006,2023-02-27,2023-02-28,59
PO-0181,WH-0003,STORE-0002,2023-12-15,2023-12-16,222
PO-0181,WH-0003,STORE-0010,2023-12-17,2023-12-18,38
PO-0181,WH-0003,STORE-0004,2023-12-17,2023-12-18,13
PO-0182,WH-0002,STORE-0003,2024-04-05,2024-04-06,304
PO-0183,WH-0002,STORE-0005,2024-06-22,2024-06-22,422
PO-0184,WH-0003,STORE-0009,2023-07-15,2023-07-17,36
PO-0184,WH-0003,STORE-0005,2023-07-15,2023-07-16,66
PO-0185,WH-0003,STORE-0008,2023-11-07,2023-11-09,225
PO-0185,WH-0003,STORE-0005,2023-11-07,2023-11-07,192
PO-0186,WH-0002,STORE-0009,2024-04-07,2024-04-09,422
PO-0187,WH-0002,STORE-0006,2024-03-30,2024-03-31,53
PO-0187,WH-0002,STORE-0008,2024-04-02,2024-04-03,35
PO-0188,WH-0003,STORE-0004,2024-01-19,2024-01-20,26
PO-0188,WH-0003,STORE-0005,2024-01-21,2024-01-21,39
PO-0189,WH-0002,STORE-0003,2024-03-28,2024-03-30,126
PO-0189,WH-0002,STORE-0009,2024-03-29,2024-03-30,44
PO-0190,WH-0002,STORE-0003,2024-01-17,2024-01-17,359
PO-0191,WH-0002,STORE-0006,2024-01-23,2024-01-25,343
PO-0192,WH-0001,STORE-0003,2024-02-21,2024-02-21,104
PO-0192,WH-0001,STORE-0006,2024-02-21,2024-02-22,73
PO-0193,WH-0002,STORE-0003,2023-07-21,2023-07-23,286
PO-0193,WH-0002,STORE-0002,2023-07-23,2023-07-23,51
PO-0194,WH-0002,STORE-0006,2024-04-07,2024-04-07,244
PO-0194,WH-0002,STORE-0009,2024-04-07,2024-04-09,161
PO-0195,WH-0003,STORE-0008,2023-07-30,2023-07-31,161
PO-0195,WH-0003,STORE-0008,2023-07-31,2023-08-01,82
PO-0195,WH-0003,STORE-0008,2023-07-31,2023-07-31,38
PO-0196,WH-0001,STORE-0005,2024-04-06,2024-04-06,69
PO-0196,WH-0001,STORE-0008,2024-04-09,2024-04-10,122
PO-0196,WH-0001,STORE-0006,2024-04-09,2024-04-09,200
PO-0197,WH-0003,STORE-0005,2024-07-30,2024-07-30,123
PO-0197,WH-0003,STORE-0009,2024-07-30,2024-07-31,52
PO-0197,WH-0003,STORE-0009,2024-07-30,2024-07-31,310
PO-0198,WH-0001,STORE-0001,2023-07-14,2023-07-16,140
PO-0198,WH-0001,STORE-0007,2023-07-16,2023-07-16,24
PO-0199,WH-0003,STORE-0001,2023-05-30,2023-05-31,33
PO-0199,WH-0003,STORE-0006,2023-06-01,2023-06-02,30
PO-0200,WH-0001,STORE-0008,2024-01-23,2024-01-25,37
PO-0200,WH-0001,STORE-0008,2024-01-26,2024-01-27,61
PO-0200,WH-0001,STORE-0007,2024-01-27,2024-01-29,18
PO-0201,WH-0002,STORE-0010,2023-03-18,2023-03-18,319
PO-0202,WH-0002,STORE-0008,2024-08-16,2024-08-18,378
PO-0203,WH-0001,STORE-0007,2024-06-23,2024-06-23,377
PO-0204,WH-0001,STORE-0007,2024-04-01,2024-04-01,149
PO-0204,WH-0001,STORE-0010,2024-04-04,2024-04-04,326
PO-0205,WH-0003,STORE-0005,2023-11-14,2023-11-16,413
PO-0206,WH-0002,STORE-0010,2023-10-23,2023-10-24,375
PO-0207,WH-0003,STORE-0004,2023-05-24,2023-05-24,247
PO-0207,WH-0003,STORE-0005,2023-05-24,2023-05-25,19
PO-0207,WH-0003,STORE-0002,2023-05-27,2023-05-29,57
PO-0208,WH-0003,STORE-0004,2023-07-04,2023-07-04,72
PO-0208,WH-0003,STORE-0005,2023-07-04,2023-07-05,65
PO-0209,WH-0003,STORE-0010,2023-12-26,2023-12-27,56
PO-0209,WH-0003,STORE-0008,2023-12-29,2023-12-31,18
PO-0209,WH-0003,STORE-0006,2023-12-29,2023-12-31,17
PO-0210,WH-0003,STORE-0001,2024-08-20,2024-08-20,307
PO-0210,WH-0003,STORE-0008,2024-08-22,2024-08-24,135
PO-0211,WH-0002,STORE-0005,2023-02-11,2023-02-12,23
PO-0211,WH-0002,STORE-0006,2023-02-14,2023-02-14,175
PO-0212,WH-0003,STORE-0002,2024-05-17,2024-05-19,173
PO-0212,WH-0003,STORE-0003,2024-05-18,2024-05-18,29
PO-0213,WH-0002,STORE-0005,2023-03-09,2023-03-10,171
PO-0213,WH-0002,STORE-0009,2023-03-11,2023-03-13,22
PO-0213,WH-0002,STORE-0003,2023-03-13,2023-03-13,104
PO-0214,WH-0002,STORE-0008,2023-06-06,2023-06-07,200
PO-0214,WH-0002,STORE-0002,2023-06-08,2023-06-08,51
PO-0214,WH-0002,STORE-0009,2023-06-09,2023-06-09,174
PO-0215,WH-0002,STORE-0009,2024-02-20,2024-02-22,279
PO-0215,WH-0002,STORE-0008,2024-02-20,2024-02-20,16
PO-0215,WH-0002,STORE-0003,2024-02-20,2024-02-20,18
PO-0216,WH-0001,STORE-0003,2023-09-16,2023-09-17,195
PO-0216,WH-0001,STORE-0003,2023-09-18,2023-09-20,85
PO-0217,WH-0001,STORE-0002,2023-03-02,2023-03-02,264
PO-0218,WH-0002,STORE-0005,2023-12-14,2023-12-14,68
PO-0218,WH-0002,STORE-0002,2023-12-15,2023-12-16,18
PO-0218,WH-0002,STORE-0002,2023-12-15,2023-12-15,61
PO-0219,WH-0002,STORE-0002,2024-06-21,2024-06-21,110
PO-0219,WH-0002,STORE-0008,2024-06-21,2024-06-21,194
PO-0220,WH-0001,STORE-0005,2024-06-11,2024-06-13,348
PO-0221,WH-0001,STORE-0010,2023-10-26,2023-10-26,196
PO-0222,WH-0002,STORE-0006,2024-03-24,2024-03-24,422
PO-0223,WH-0002,STORE-0005,2024-01-15,2024-01-17,341
PO-0224,WH-0003,STORE-0010,2024-07-27,2024-07-27,266
PO-0224,WH-0003,STORE-0002,2024-07-27,2024-07-29,42
PO-0225,WH-0001,STORE-0005,2023-10-26,2023-10-26,34
PO-0225,WH-0001,STORE-0002,2023-10-26,2023-10-26,56
PO-0225,WH-0001,STORE-0006,2023-10-29,2023-10-31,20
PO-0226,WH-0001,STORE-0003,2024-02-18,2024-02-19,64
PO-0226,WH-0001,STORE-0007,2024-02-21,2024-02-21,271
PO-0227,WH-0001,STORE-0002,2023-08-04,2023-08-05,170
PO-0227,WH-0001,STORE-0009,2023-08-04,2023-08-04,136
PO-0228,WH-0003,STORE-0009,2023-06-06,2023-06-08,157
PO-0228,WH-0003,STORE-0002,2023-06-06,2023-06-07,158
PO-0229,WH-0003,STORE-0005,2024-06-17,2024-06-18,213
PO-0230,WH-0002,STORE-0009,2023-11-16,2023-11-17,125
PO-0230,WH-0002,STORE-0004,2023-11-18,2023-11-18,229
PO-0230,WH-0002,STORE-0006,2023-11-21,2023-11-21,120
PO-0231,WH-0001,STORE-0002,2024-08-07,2024-08-08,182
PO-0231,WH-0001,STORE-0002,2024-08-10,2024-08-10,43
PO-0231,WH-0001,STORE-0007,2024-08-11,2024-08-12,13
PO-0232,WH-0003,STORE-0006,2024-03-14,2024-03-14,43
PO-0232,WH-0003,STORE-0010,2024-03-16,2024-03-17,112
PO-0232,WH-0003,STORE-0004,2024-03-16,2024-03-17,200
PO-0233,WH-0003,STORE-0010,2024-08-29,2024-08-30,307
PO-0233,WH-0003,STORE-0006,2024-09-01,2024-09-02,41
PO-0234,WH-0003,STORE-0003,2024-02-01,2024-02-02,27
PO-0234,WH-0003,STORE-0002,2024-02-01,2024-02-02,39
PO-0235,WH-0002,STORE-0003,2023-04-29,2023-04-29,170
PO-0235,WH-0002,STORE-0001,2023-04-29,2023-04-29,40
PO-0236,WH-0003,STORE-0007,2023-08-06,2023-08-08,101
PO-0236,WH-0003,STORE-0005,2023-08-08,2023-08-10,49
PO-0236,WH-0003,STORE-0002,2023-08-08,2023-08-10,141
PO-0237,WH-0003,STORE-0008,2023-03-19,2023-03-20,85
PO-0237,WH-0003,STORE-0009,2023-03-21,2023-03-22,71
PO-0238,WH-0003,STORE-0002,2024-05-16,2024-05-17,138
PO-0239,WH-0001,STORE-0008,2023-12-29,2023-12-29,236
PO-0239,WH-0001,STORE-0003,2023-12-29,2023-12-31,126
PO-0240,WH-0003,STORE-0007,2023-10-24,2023-10-24,135
PO-0240,WH-0003,STORE-0007,2023-10-26,2023-10-27,55
PO-0240,WH-0003,STORE-0010,2023-10-26,2023-10-28,12
PO-0241,WH-0003,STORE-0009,2023-08-17,2023-08-19,185
PO-0241,WH-0003,STORE-0009,2023-08-20,2023-08-20,17
PO-0241,WH-0003,STORE-0007,2023-08-20,2023-08-21,10
PO-0242,WH-0002,STORE-0006,2023-10-16,2023-10-17,325
PO-0242,WH-0002,STORE-0001,2023-10-18,2023-10-20,13
PO-0242,WH-0002,STORE-0003,2023-10-18,2023-10-19,58
PO-0243,WH-0003,STORE-0006,2024-01-06,2024-01-07,16
PO-0243,WH-0003,STORE-0006,2024-01-06,2024-01-07,119
PO-0243,WH-0003,STORE-0006,2024-01-09,2024-01-09,63
PO-0244,WH-0002,STORE-0005,2023-03-30,2023-04-01,385
PO-0245,WH-0003,STORE-0002,2023-08-14,2023-08-15,88
PO-0245,WH-0003,STORE-0009,2023-08-15,2023-08-16,12
PO-0245,WH-0003,STORE-0008,2023-08-15,2023-08-17,88
PO-0246,WH-0001,STORE-0005,2023-10-13,2023-10-13,225
PO-0246,WH-0001,STORE-0001,2023-10-16,2023-10-17,160
PO-0246,WH-0001,STORE-0010,2023-10-19,2023-10-20,44
PO-0247,WH-0001,STORE-0002,2023-03-06,2023-03-08,135
PO-0247,WH-0001,STORE-0008,2023-03-07,2023-03-09,15
PO-0247,WH-0001,STORE-0003,2023-03-09,2023-03-11,15
PO-0248,WH-0001,STORE-0008,2023-04-23,2023-04-25,35
PO-0248,WH-0001,STORE-0009,2023-04-23,2023-04-23,66
PO-0249,WH-0002,STORE-0010,2023-01-17,2023-01-18,86
PO-0249,WH-0002,STORE-0010,2023-01-18,2023-01-20,172
PO-0250,WH-0001,STORE-0010,2024-05-18,2024-05-19,34
PO-0250,WH-0001,STORE-0010,2024-05-20,2024-05-22,27
PO-0250,WH-0001,STORE-0007,2024-05-23,2024-05-23,153
PO-0251,WH-0001,STORE-0005,2023-04-17,2023-04-19,323
PO-0252,WH-0002,STORE-0006,2023-07-10,2023-07-10,44
PO-0252,WH-0002,STORE-0007,2023-07-13,2023-07-14,24
PO-0253,WH-0002,STORE-0001,2024-05-29,2024-05-31,102
PO-0253,WH-0002,STORE-0008,2024-05-30,2024-05-30,305
PO-0253,WH-0002,STORE-0005,2024-06-02,2024-06-04,91
PO-0254,WH-0003,STORE-0001,2024-08-18,2024-08-20,170
PO-0254,WH-0003,STORE-0008,2024-08-19,2024-08-19,12
PO-0254,WH-0003,STORE-0003,2024-08-20,2024-08-22,13
PO-0255,WH-0002,STORE-0002,2024-07-22,2024-07-24,173
PO-0255,WH-0002,STORE-0007,2024-07-23,2024-07-24,312
PO-0256,WH-0003,STORE-0010,2023-08-01,2023-08-01,42
PO-0256,WH-0003,STORE-0002,2023-08-04,2023-08-04,40
PO-0256,WH-0003,STORE-0001,2023-08-05,2023-08-05,51
PO-0257,WH-0002,STORE-0007,2023-10-06,2023-10-07,296
PO-0257,WH-0002,STORE-0004,2023-10-06,2023-10-06,131
PO-0258,WH-0003,STORE-0005,2024-08-17,2024-08-18,139
PO-0259,WH-0001,STORE-0001,2024-02-29,2024-02-29,72
PO-0259,WH-0001,STORE-0010,2024-02-29,2024-03-01,11
PO-0259,WH-0001,STORE-0007,2024-02-29,2024-03-01,11
PO-0260,WH-0002,STORE-0004,2023-07-16,2023-07-16,45
PO-0260,WH-0002,STORE-0009,2023-07-16,2023-07-18,132
PO-0261,WH-0003,STORE-0010,2023-09-09,2023-09-09,70
PO-0261,WH-0003,STORE-0006,2023-09-11,2023-09-13,148
PO-0262,WH-0003,STORE-0007,2024-08-14,2024-08-14,130
PO-0262,WH-0003,STORE-0003,2024-08-15,2024-08-15,37
PO-0262,WH-0003,STORE-0008,2024-08-17,2024-08-18,237
PO-0263,WH-0003,STORE-0009,2023-05-12,2023-05-13,135
PO-0263,WH-0003,STORE-0009,2023-05-12,2023-05-13,50
PO-0263,WH-0003,STORE-0004,2023-05-15,2023-05-16,72
PO-0264,WH-0001,STORE-0006,2023-11-30,2023-12-01,193
PO-0264,WH-0001,STORE-0010,2023-11-30,2023-11-30,45
PO-0265,WH-0002,STORE-0005,2023-05-29,2023-05-31,132
PO-0265,WH-0002,STORE-0006,2023-06-01,2023-06-03,168
PO-0265,WH-0002,STORE-0009,2023-06-01,2023-06-01,132
PO-0266,WH-0003,STORE-0005,2024-03-15,2024-03-16,211
PO-0266,WH-0003,STORE-0004,2024-03-15,2024-03-16,226
PO-0267,WH-0003,STORE-0006,2023-08-28,2023-08-30,497
PO-0268,WH-0001,STORE-0002,2024-04-14,2024-04-15,89
PO-0269,WH-0001,STORE-0007,2023-03-17,2023-03-17,95
PO-0269,WH-0001,STORE-0009,2023-03-18,2023-03-18,26
PO-0269,WH-0001,STORE-0007,2023-03-20,2023-03-22,32
PO-0270,WH-0001,STORE-0001,2023-06-28,2023-06-30,24
PO-0270,WH-0001,STORE-0008,2023-06-29,2023-07-01,252
PO-0271,WH-0002,STORE-0004,2024-08-31,2024-09-02,278
PO-0272,WH-0002,STORE-0002,2023-05-29,2023-05-29,52
PO-0272,WH-0002,STORE-0009,2023-05-30,2023-06-01,286
PO-0273,WH-0003,STORE-0006,2023-11-28,2023-11-29,115
PO-0273,WH-0003,STORE-0005,2023-12-01,2023-12-01,18
PO-0273,WH-0003,STORE-0005,2023-12-03,2023-12-03,47
PO-0274,WH-0001,STORE-0007,2023-08-25,2023-08-26,56
PO-0274,WH-0001,STORE-0001,2023-08-26,2023-08-26,210
PO-0275,WH-0002,STORE-0004,2024-07-12,2024-07-13,291
PO-0276,WH-0002,STORE-0010,2023-07-20,2023-07-21,241
PO-0277,WH-0003,STORE-0006,2024-04-13,2024-04-13,399
PO-0278,WH-0003,STORE-0009,2023-06-01,2023-06-02,110
PO-0279,WH-0001,STORE-0004,2024-02-19,2024-02-21,70
PO-0279,WH-0001,STORE-0005,2024-02-20,2024-02-21,107
PO-0279,WH-0001,STORE-0007,2024-02-23,2024-02-23,300
PO-0280,WH-0001,STORE-0004,2023-11-14,2023-11-15,267
PO-0281,WH-0003,STORE-0003,2023-09-21,2023-09-21,114
PO-0281,WH-0003,STORE-0005,2023-09-23,2023-09-23,77
PO-0282,WH-0001,STORE-0010,2023-04-30,2023-05-02,364
PO-0283,WH-0003,STORE-0008,2023-09-10,2023-09-10,354
PO-0284,WH-0003,STORE-0004,2023-02-26,2023-02-28,185
PO-0284,WH-0003,STORE-0007,2023-03-01,2023-03-03,55
PO-0284,WH-0003,STORE-0002,2023-03-03,2023-03-03,15
PO-0285,WH-0002,STORE-0004,2023-08-27,2023-08-28,121
PO-0286,WH-0003,STORE-0001,2023-09-13,2023-09-13,316
PO-0286,WH-0003,STORE-0010,2023-09-15,2023-09-16,18
PO-0286,WH-0003,STORE-0007,2023-09-17,2023-09-19,11
PO-0287,WH-0002,STORE-0001,2023-12-03,2023-12-05,388
PO-0288,WH-0001,STORE-0008,2023-11-11,2023-11-12,267
PO-0288,WH-0001,STORE-0003,2023-11-14,2023-11-14,85
PO-0289,WH-0003,STORE-0003,2024-03-26,2024-03-27,120
PO-0289,WH-0003,STORE-0001,2024-03-26,2024-03-26,50
PO-0289,WH-0003,STORE-0005,2024-03-29,2024-03-31,56
PO-0290,WH-0001,STORE-0010,2024-02-11,2024-02-12,144
PO-0290,WH-0001,STORE-0007,2024-02-13,2024-02-13,262
PO-0291,WH-0001,STORE-0009,2023-11-14,2023-11-16,87
PO-0291,WH-0001,STORE-0004,2023-11-17,2023-11-17,23
PO-0291,WH-0001,STORE-0004,2023-11-17,2023-11-17,182
PO-0292,WH-0002,STORE-0008,2023-11-19,2023-11-20,20
PO-0292,WH-0002,STORE-0008,2023-11-19,2023-11-19,59
PO-0293,WH-0002,STORE-0008,2024-08-06,2024-08-07,153
PO-0293,WH-0002,STORE-0002,2024-08-09,2024-08-11,21
PO-0294,WH-0001,STORE-0002,2023-04-02,2023-04-02,97
PO-0295,WH-0001,STORE-0009,2023-03-01,2023-03-02,358
PO-0296,WH-0001,STORE-0010,2023-07-27,2023-07-27,279
PO-0296,WH-0001,STORE-0002,2023-07-30,2023-07-30,127
PO-0296,WH-0001,STORE-0002,2023-08-02,2023-08-03,14
PO-0297,WH-0001,STORE-0002,2024-05-13,2024-05-14,184
PO-0297,WH-0001,STORE-0010,2024-05-15,2024-05-15,21
PO-0298,WH-0002,STORE-0002,2023-08-11,2023-08-12,432
PO-0299,WH-0003,STORE-0010,2023-09-22,2023-09-24,78
PO-0299,WH-0003,STORE-0006,2023-09-22,2023-09-22,175
PO-0300,WH-0002,STORE-0004,2023-12-13,2023-12-13,76
PO-0300,WH-0002,STORE-0006,2023-12-15,2023-12-15,212
PO-0301,WH-0003,STORE-0002,2023-11-21,2023-11-22,205
PO-0301,WH-0003,STORE-0004,2023-11-23,2023-11-24,32
PO-0301,WH-0003,STORE-0001,2023-11-23,2023-11-23,67
PO-0302,WH-0002,STORE-0003,2024-05-11,2024-05-11,82
PO-0302,WH-0002,STORE-0008,2024-05-13,2024-05-14,72
PO-0303,WH-0002,STORE-0006,2023-03-02,2023-03-04,77
PO-0303,WH-0002,STORE-0009,2023-03-02,2023-03-02,198
PO-0303,WH-0002,STORE-0008,2023-03-05,2023-03-06,154
PO-0304,WH-0002,STORE-0007,2024-08-03,2024-08-03,163
PO-0304,WH-0002,STORE-0006,2024-08-06,2024-08-08,38
PO-0305,WH-0003,STORE-0002,2023-09-04,2023-09-04,228
PO-0305,WH-0003,STORE-0008,2023-09-06,2023-09-08,77
PO-0306,WH-0002,STORE-0003,2023-12-21,2023-12-22,375
PO-0306,WH-0002,STORE-0008,2023-12-21,2023-12-22,19
PO-0306,WH-0002,STORE-0008,2023-12-21,2023-12-22,26
PO-0307,WH-0003,STORE-0005,2024-04-23,2024-04-23,136
PO-0308,WH-0003,STORE-0009,2024-05-22,2024-05-22,34
PO-0308,WH-0003,STORE-0009,2024-05-22,2024-05-22,344
PO-0309,WH-0001,STORE-0010,2023-02-08,2023-02-09,247
PO-0309,WH-0001,STORE-0005,2023-02-10,2023-02-12,194
PO-0310,WH-0002,STORE-0008,2023-08-29,2023-08-29,17
PO-0310,WH-0002,STORE-0001,2023-08-30,2023-08-30,22
PO-0310,WH-0002,STORE-0005,2023-09-02,2023-09-03,15
PO-0311,WH-0001,STORE-0006,2024-01-22,2024-01-22,145
PO-0311,WH-0001,STORE-0002,2024-01-23,2024-01-25,57
PO-0311,WH-0001,STORE-0002,2024-01-25,2024-01-26,95
PO-0312,WH-0003,STORE-0002,2023-01-19,2023-01-19,56
PO-0313,WH-0003,STORE-0007,2023-10-21,2023-10-23,245
PO-0313,WH-0003,STORE-0010,2023-10-24,2023-10-26,29
PO-0313,WH-0003,STORE-0007,2023-10-26,2023-10-27,33
PO-0314,WH-0003,STORE-0001,2024-03-31,2024-03-31,104
PO-0315,WH-0002,STORE-0004,2023-06-10,2023-06-10,319
PO-0316,WH-0002,STORE-0004,2023-10-18,2023-10-19,47
PO-0316,WH-0002,STORE-0002,2023-10-19,2023-10-20,194
PO-0317,WH-0001,STORE-0007,2024-08-08,2024-08-08,203
PO-0318,WH-0001,STORE-0008,2023-02-06,2023-02-07,243
PO-0319,WH-0003,STORE-0010,2023-01-25,2023-01-25,305
PO-0320,WH-0001,STORE-0001,2023-12-20,2023-12-21,210
PO-0320,WH-0001,STORE-0002,2023-12-20,2023-12-22,110
PO-0321,WH-0001,STORE-0001,2023-08-20,2023-08-21,158
PO-0321,WH-0001,STORE-0008,2023-08-23,2023-08-25,135
PO-0322,WH-0002,STORE-0001,2023-10-28,2023-10-30,141
PO-0323,WH-0002,STORE-0009,2023-01-25,2023-01-25,171
PO-0323,WH-0002,STORE-0007,2023-01-27,2023-01-28,264
PO-0324,WH-0002,STORE-0008,2023-03-29,2023-03-31,98
PO-0324,WH-0002,STORE-0001,2023-04-01,2023-04-01,75
PO-0325,WH-0003,STORE-0006,2024-07-15,2024-07-16,250
PO-0325,WH-0003,STORE-0004,2024-07-16,2024-07-18,139
PO-0325,WH-0003,STORE-0010,2024-07-18,2024-07-20,65
PO-0326,WH-0001,STORE-0007,2023-04-03,2023-04-04,77
PO-0327,WH-0002,STORE-0004,2023-03-27,2023-03-28,328
PO-0327,WH-0002,STORE-0008,2023-03-27,2023-03-27,26
PO-0328,WH-0003,STORE-0010,2023-02-13,2023-02-14,301
PO-0329,WH-0003,STORE-0004,2024-01-30,2024-01-30,165
PO-0329,WH-0003,STORE-0001,2024-01-30,2024-01-31,223
PO-0330,WH-0002,STORE-0003,2023-11-16,2023-11-18,30
PO-0330,WH-0002,STORE-0002,2023-11-16,2023-11-17,62
PO-0331,WH-0001,STORE-0004,2023-06-23,2023-06-23,234
PO-0332,WH-0001,STORE-0006,2023-11-23,2023-11-23,53
PO-0332,WH-0001,STORE-0003,2023-11-25,2023-11-27,49
PO-0333,WH-0001,STORE-0008,2024-03-27,2024-03-27,234
PO-0333,WH-0001,STORE-0010,2024-03-27,2024-03-29,60
PO-0333,WH-0001,STORE-0009,2024-03-27,2024-03-27,18
PO-0334,WH-0002,STORE-0002,2023-04-12,2023-04-12,355
PO-0335,WH-0003,STORE-0005,2024-02-04,2024-02-06,248
PO-0336,WH-0001,STORE-0002,2024-08-02,2024-08-02,103
PO-0336,WH-0001,STORE-0003,2024-08-04,2024-08-04,15
PO-0336,WH-0001,STORE-0008,2024-08-05,2024-08-06,18
PO-0337,WH-0001,STORE-0006,2023-05-31,2023-06-01,302
PO-0338,WH-0002,STORE-0006,2024-03-29,2024-03-31,297
PO-0339,WH-0002,STORE-0003,2023-09-23,2023-09-25,135
PO-0339,WH-0002,STORE-0004,2023-09-26,2023-09-26,219
PO-0340,WH-0003,STORE-0008,2023-04-26,2023-04-28,239
PO-0340,WH-0003,STORE-0001,2023-04-28,2023-04-29,13
PO-0341,WH-0003,STORE-0009,2024-02-11,2024-02-11,275
PO-0342,WH-0002,STORE-0003,2023-05-28,2023-05-29,215
PO-0342,WH-0002,STORE-0007,2023-05-28,2023-05-28,190
PO-0343,WH-0002,STORE-0009,2023-07-10,2023-07-11,333
PO-0343,WH-0002,STORE-0009,2023-07-13,2023-07-14,61
PO-0343,WH-0002,STORE-0006,2023-07-15,2023-07-15,32
PO-0344,WH-0002,STORE-0007,2024-08-29,2024-08-30,47
PO-0344,WH-0002,STORE-0010,2024-08-30,2024-09-01,149
PO-0344,WH-0002,STORE-0006,2024-09-02,2024-09-04,46
PO-0345,WH-0003,STORE-0002,2024-01-14,2024-01-14,152
PO-0346,WH-0002,STORE-0009,2023-07-19,2023-07-21,18
PO-0346,WH-0002,STORE-0004,2023-07-21,2023-07-21,45
PO-0347,WH-0002,STORE-0003,2023-08-14,2023-08-14,397
PO-0347,WH-0002,STORE-0009,2023-08-14,2023-08-16,66
PO-0347,WH-0002,STORE-0004,2023-08-16,2023-08-17,12
PO-0348,WH-0001,STORE-0006,2024-05-31,2024-06-01,25
PO-0348,WH-0001,STORE-0001,2024-06-02,2024-06-04,41
PO-0348,WH-0001,STORE-0008,2024-06-02,2024-06-03,107
PO-0349,WH-0002,STORE-0010,2024-03-25,2024-03-27,130
PO-0349,WH-0002,STORE-0006,2024-03-26,2024-03-27,149
PO-0350,WH-0003,STORE-0003,2024-08-30,2024-09-01,303
PO-0350,WH-0003,STORE-0004,2024-09-02,2024-09-02,143
PO-0350,WH-0003,STORE-0009,2024-09-04,2024-09-06,49
PO-0351,WH-0001,STORE-0003,2023-02-23,2023-02-25,60
PO-0351,WH-0001,STORE-0007,2023-02-26,2023-02-26,294
PO-0352,WH-0001,STORE-0003,2023-05-08,2023-05-09,135
PO-0353,WH-0002,STORE-0009,2024-08-12,2024-08-13,199
PO-0353,WH-0002,STORE-0005,2024-08-15,2024-08-17,236
PO-0354,WH-0003,STORE-0008,2023-04-23,2023-04-25,122
PO-0354,WH-0003,STORE-0003,2023-04-26,2023-04-28,15
PO-0354,WH-0003,STORE-0008,2023-04-27,2023-04-29,26
PO-0355,WH-0002,STORE-0009,2024-08-08,2024-08-10,163
PO-0356,WH-0002,STORE-0008,2024-05-04,2024-05-04,243
PO-0356,WH-0002,STORE-0002,2024-05-05,2024-05-07,104
PO-0356,WH-0002,STORE-0002,2024-05-08,2024-05-08,56
PO-0357,WH-0001,STORE-0009,2023-02-06,2023-02-06,20
PO-0357,WH-0001,STORE-0005,2023-02-06,2023-02-07,105
PO-0357,WH-0001,STORE-0005,2023-02-08,2023-02-09,137
PO-0358,WH-0001,STORE-0010,2023-05-13,2023-05-14,209
PO-0359,WH-0003,STORE-0003,2024-06-28,2024-06-30,37
PO-0359,WH-0003,STORE-0001,2024-07-01,2024-07-01,62
PO-0360,WH-0001,STORE-0007,2024-04-16,2024-04-17,72
PO-0361,WH-0003,STORE-0007,2023-02-02,2023-02-03,182
PO-0361,WH-0003,STORE-0009,2023-02-03,2023-02-05,45
PO-0361,WH-0003,STORE-0008,2023-02-06,2023-02-08,169
PO-0362,WH-0002,STORE-0006,2023-09-20,2023-09-20,131
PO-0363,WH-0003,STORE-0006,2024-04-24,2024-04-26,212
PO-0363,WH-0003,STORE-0008,2024-04-24,2024-04-26,160
PO-0364,WH-0002,STORE-0001,2024-03-27,2024-03-29,52
PO-0364,WH-0002,STORE-0002,2024-03-29,2024-03-31,81
PO-0364,WH-0002,STORE-0004,2024-03-29,2024-03-31,18
PO-0365,WH-0003,STORE-0008,2024-02-08,2024-02-10,58
PO-0365,WH-0003,STORE-0009,2024-02-08,2024-02-08,25
PO-0365,WH-0003,STORE-0005,2024-02-08,2024-02-08,72
PO-0366,WH-0001,STORE-0002,2023-03-20,2023-03-22,66
PO-0366,WH-0001,STORE-0010,2023-03-22,2023-03-22,35
PO-0366,WH-0001,STORE-0001,2023-03-25,2023-03-26,44
PO-0367,WH-0002,STORE-0001,2024-04-18,2024-04-20,320
PO-0368,WH-0002,STORE-0002,2024-02-15,2024-02-15,21
PO-0368,WH-0002,STORE-0005,2024-02-16,2024-02-16,87
PO-0369,WH-0003,STORE-0005,2023-07-09,2023-07-10,88
PO-0369,WH-0003,STORE-0001,2023-07-10,2023-07-12,276
PO-0370,WH-0002,STORE-0001,2023-05-26,2023-05-27,206
PO-0371,WH-0002,STORE-0003,2023-06-06,2023-06-07,355
PO-0372,WH-0001,STORE-0001,2024-03-15,2024-03-15,71
PO-0372,WH-0001,STORE-0010,2024-03-16,2024-03-18,334
PO-0373,WH-0002,STORE-0009,2024-07-29,2024-07-30,106
PO-0373,WH-0002,STORE-0005,2024-07-29,2024-07-29,15
PO-0374,WH-0002,STORE-0002,2023-03-06,2023-03-07,62
PO-0374,WH-0002,STORE-0007,2023-03-06,2023-03-08,57
PO-0375,WH-0002,STORE-0009,2024-08-10,2024-08-12,259
PO-0376,WH-0001,STORE-0003,2024-04-11,2024-04-12,339
PO-0377,WH-0002,STORE-0004,2023-10-30,2023-10-30,266
PO-0377,WH-0002,STORE-0009,2023-11-01,2023-11-01,59
PO-0378,WH-0003,STORE-0008,2024-08-17,2024-08-17,294
PO-0378,WH-0003,STORE-0010,2024-08-17,2024-08-18,24
PO-0378,WH-0003,STORE-0001,2024-08-18,2024-08-18,13
PO-0379,WH-0003,STORE-0007,2023-05-06,2023-05-07,138
PO-0379,WH-0003,STORE-0010,2023-05-07,2023-05-09,333
PO-0380,WH-0002,STORE-0009,2023-02-27,2023-03-01,329
PO-0381,WH-0001,STORE-0002,2023-04-29,2023-04-29,111
PO-0381,WH-0001,STORE-0007,2023-05-01,2023-05-01,91
PO-0382,WH-0001,STORE-0005,2024-04-13,2024-04-15,172
PO-0382,WH-0001,STORE-0004,2024-04-16,2024-04-18,44
PO-0382,WH-0001,STORE-0006,2024-04-18,2024-04-18,58
PO-0383,WH-0003,STORE-0003,2023-09-07,2023-09-09,18
PO-0383,WH-0003,STORE-0008,2023-09-07,2023-09-07,321
PO-0383,WH-0003,STORE-0003,2023-09-07,2023-09-08,63
PO-0384,WH-0001,STORE-0002,2024-03-21,2024-03-23,51
PO-0384,WH-0001,STORE-0008,2024-03-21,2024-03-23,400
PO-0385,WH-0001,STORE-0006,2023-03-15,2023-03-16,163
PO-0385,WH-0001,STORE-0001,2023-03-16,2023-03-16,30
PO-0386,WH-0003,STORE-0001,2023-12-12,2023-12-12,237
PO-0386,WH-0003,STORE-0005,2023-12-12,2023-12-14,106
PO-0387,WH-0003,STORE-0010,2023-04-13,2023-04-15,80
PO-0388,WH-0002,STORE-0008,2023-05-24,2023-05-25,69
PO-0388,WH-0002,STORE-0008,2023-05-24,2023-05-26,45
PO-0388,WH-0002,STORE-0001,2023-05-25,2023-05-25,63
PO-0389,WH-0003,STORE-0010,2023-09-27,2023-09-29,300
PO-0390,WH-0001,STORE-0004,2023-10-18,2023-10-20,281
PO-0391,WH-0002,STORE-0003,2024-03-01,2024-03-03,405
PO-0392,WH-0003,STORE-0010,2024-04-21,2024-04-21,51
PO-0393,WH-0003,STORE-0001,2023-04-22,2023-04-24,485
PO-0394,WH-0002,STORE-0001,2024-02-20,2024-02-21,242
PO-0394,WH-0002,STORE-0007,2024-02-20,2024-02-21,30
PO-0394,WH-0002,STORE-0002,2024-02-22,2024-02-24,31
PO-0395,WH-0002,STORE-0001,2023-12-24,2023-12-26,274
PO-0395,WH-0002,STORE-0001,2023-12-25,2023-12-26,65
PO-0396,WH-0001,STORE-0001,2023-02-23,2023-02-24,30
PO-0396,WH-0001,STORE-0002,2023-02-24,2023-02-26,15
PO-0396,WH-0001,STORE-0004,2023-02-24,2023-02-26,13
PO-0397,WH-0001,STORE-0004,2024-04-06,2024-04-06,153
PO-0398,WH-0002,STORE-0001,2023-11-11,2023-11-12,22
PO-0398,WH-0002,STORE-0001,2023-11-14,2023-11-16,75
PO-0399,WH-0002,STORE-0008,2023-04-03,2023-04-03,16
PO-0399,WH-0002,STORE-0001,2023-04-05,2023-04-06,60
PO-0400,WH-0001,STORE-0010,2023-09-08,2023-09-09,410
PO-0401,WH-0002,STORE-0002,2024-05-08,2024-05-08,41
PO-0401,WH-0002,STORE-0006,2024-05-08,2024-05-10,58
PO-0401,WH-0002,STORE-0003,2024-05-08,2024-05-08,66
PO-0402,WH-0002,STORE-0010,2023-01-14,2023-01-16,468
PO-0403,WH-0001,STORE-0001,2023-05-26,2023-05-28,246
PO-0404,WH-0001,STORE-0002,2023-04-25,2023-04-27,61
PO-0404,WH-0001,STORE-0004,2023-04-28,2023-04-30,59
PO-0405,WH-0001,STORE-0007,2023-06-01,2023-06-03,39
PO-0405,WH-0001,STORE-0006,2023-06-01,2023-06-03,15
PO-0406,WH-0002,STORE-0010,2024-04-05,2024-04-05,178
PO-0406,WH-0002,STORE-0002,2024-04-05,2024-04-05,193
PO-0407,WH-0003,STORE-0003,2024-04-04,2024-04-06,83
PO-0407,WH-0003,STORE-0007,2024-04-06,2024-04-07,21
PO-0407,WH-0003,STORE-0003,2024-04-09,2024-04-09,17
PO-0408,WH-0002,STORE-0003,2024-02-06,2024-02-07,455
PO-0409,WH-0002,STORE-0005,2023-04-05,2023-04-07,193
PO-0409,WH-0002,STORE-0008,2023-04-06,2023-04-07,47
PO-0409,WH-0002,STORE-0005,2023-04-08,2023-04-09,117
PO-0410,WH-0003,STORE-0001,2023-02-12,2023-02-12,47
PO-0410,WH-0003,STORE-0006,2023-02-12,2023-02-12,64
PO-0410,WH-0003,STORE-0004,2023-02-13,2023-02-13,44
PO-0411,WH-0001,STORE-0008,2023-07-29,2023-07-31,380
PO-0412,WH-0001,STORE-0010,2024-06-01,2024-06-03,179
PO-0412,WH-0001,STORE-0005,2024-06-03,2024-06-04,88
PO-0412,WH-0001,STORE-0003,2024-06-05,2024-06-05,38
PO-0413,WH-0003,STORE-0004,2024-06-28,2024-06-28,117
PO-0414,WH-0001,STORE-0010,2024-03-14,2024-03-14,248
PO-0414,WH-0001,STORE-0006,2024-03-15,2024-03-17,133
PO-0414,WH-0001,STORE-0004,2024-03-18,2024-03-19,59
PO-0415,WH-0001,STORE-0001,2023-01-31,2023-01-31,184
PO-0416,WH-0003,STORE-0002,2024-02-25,2024-02-25,442
PO-0417,WH-0002,STORE-0006,2024-02-20,2024-02-20,309
PO-0417,WH-0002,STORE-0004,2024-02-20,2024-02-20,16
PO-0418,WH-0001,STORE-0005,2023-04-03,2023-04-05,154
PO-0419,WH-0003,STORE-0003,2024-07-13,2024-07-13,135
PO-0419,WH-0003,STORE-0003,2024-07-13,2024-07-14,239
PO-0420,WH-0001,STORE-0003,2023-03-18,2023-03-19,423
PO-0421,WH-0003,STORE-0008,2023-03-07,2023-03-07,49
PO-0421,WH-0003,STORE-0006,2023-03-09,2023-03-11,60
PO-0422,WH-0001,STORE-0002,2023-03-07,2023-03-07,65
PO-0422,WH-0001,STORE-0004,2023-03-08,2023-03-08,14
PO-0422,WH-0001,STORE-0006,2023-03-11,2023-03-12,32
PO-0423,WH-0003,STORE-0010,2023-01-17,2023-01-19,33
PO-0423,WH-0003,STORE-0003,2023-01-18,2023-01-19,160
PO-0423,WH-0003,STORE-0001,2023-01-19,2023-01-21,124
PO-0424,WH-0002,STORE-0010,2023-09-30,2023-10-01,433
PO-0425,WH-0002,STORE-0008,2023-05-16,2023-05-18,210
PO-0425,WH-0002,STORE-0009,2023-05-16,2023-05-17,10
PO-0425,WH-0002,STORE-0008,2023-05-18,2023-05-20,1
PO-0426,WH-0002,STORE-0006,2024-06-25,2024-06-27,371
PO-0427,WH-0002,STORE-0005,2024-06-16,2024-06-18,252
PO-0427,WH-0002,STORE-0010,2024-06-19,2024-06-21,173
PO-0427,WH-0002,STORE-0004,2024-06-19,2024-06-19,64
PO-0428,WH-0001,STORE-0004,2023-06-18,2023-06-19,212
PO-0428,WH-0001,STORE-0007,2023-06-21,2023-06-23,131
PO-0429,WH-0001,STORE-0002,2023-09-06,2023-09-06,45
PO-0429,WH-0001,STORE-0005,2023-09-06,2023-09-07,27
PO-0430,WH-0001,STORE-0001,2023-09-13,2023-09-14,246
PO-0431,WH-0002,STORE-0007,2023-02-18,2023-02-19,129
PO-0431,WH-0002,STORE-0008,2023-02-20,2023-02-21,35
PO-0432,WH-0003,STORE-0008,2023-12-01,2023-12-01,101
PO-0432,WH-0003,STORE-0002,2023-12-03,2023-12-04,241
PO-0433,WH-0001,STORE-0009,2023-03-02,2023-03-04,42
PO-0433,WH-0001,STORE-0005,2023-03-02,2023-03-02,31
PO-0434,WH-0002,STORE-0006,2024-04-28,2024-04-28,217
PO-0435,WH-0003,STORE-0005,2023-01-17,2023-01-18,178
PO-0435,WH-0003,STORE-0004,2023-01-19,2023-01-21,160
PO-0436,WH-0001,STORE-0005,2023-09-18,2023-09-18,288
PO-0436,WH-0001,STORE-0006,2023-09-20,2023-09-21,11
PO-0436,WH-0001,STORE-0010,2023-09-23,2023-09-25,3
PO-0437,WH-0002,STORE-0003,2024-07-30,2024-07-31,75
PO-0437,WH-0002,STORE-0004,2024-07-31,2024-08-02,52
PO-0438,WH-0001,STORE-0010,2023-01-31,2023-02-02,274
PO-0438,WH-0001,STORE-0008,2023-02-03,2023-02-04,101
PO-0439,WH-0002,STORE-0007,2023-12-13,2023-12-13,229
PO-0439,WH-0002,STORE-0008,2023-12-16,2023-12-18,255
PO-0440,WH-0001,STORE-0003,2023-04-23,2023-04-24,157
PO-0440,WH-0001,STORE-0008,2023-04-23,2023-04-25,107
PO-0441,WH-0003,STORE-0007,2023-06-09,2023-06-11,36
PO-0441,WH-0003,STORE-0009,2023-06-12,2023-06-13,36
PO-0442,WH-0001,STORE-0003,2024-03-12,2024-03-12,26
PO-0442,WH-0001,STORE-0010,2024-03-14,2024-03-16,155
PO-0442,WH-0001,STORE-0007,2024-03-17,2024-03-17,103
PO-0443,WH-0001,STORE-0007,2024-08-23,2024-08-23,376
PO-0444,WH-0002,STORE-0010,2024-08-08,2024-08-09,171
PO-0445,WH-0001,STORE-0002,2024-02-21,2024-02-23,212
PO-0446,WH-0001,STORE-0010,2023-03-26,2023-03-27,105
PO-0447,WH-0001,STORE-0002,2024-04-15,2024-04-16,111
PO-0448,WH-0001,STORE-0005,2024-04-14,2024-04-16,486
PO-0449,WH-0002,STORE-0009,2023-11-22,2023-11-22,33
PO-0449,WH-0002,STORE-0006,2023-11-23,2023-11-24,37
PO-0450,WH-0001,STORE-0003,2023-06-05,2023-06-07,232
PO-0451,WH-0002,STORE-0007,2023-11-12,2023-11-12,14
PO-0451,WH-0002,STORE-0004,2023-11-13,2023-11-14,51
PO-0452,WH-0001,STORE-0003,2024-08-08,2024-08-10,70
PO-0452,WH-0001,STORE-0009,2024-08-10,2024-08-12,13
PO-0452,WH-0001,STORE-0005,2024-08-13,2024-08-13,15
PO-0453,WH-0002,STORE-0002,2023-05-09,2023-05-10,116
PO-0454,WH-0001,STORE-0008,2024-01-31,2024-02-01,301
PO-0454,WH-0001,STORE-0001,2024-02-03,2024-02-05,28
PO-0454,WH-0001,STORE-0005,2024-02-03,2024-02-05,19
PO-0455,WH-0002,STORE-0005,2023-01-29,2023-01-30,441
PO-0455,WH-0002,STORE-0007,2023-01-30,2023-01-30,23
PO-0456,WH-0002,STORE-0008,2023-05-11,2023-05-12,65
PO-0456,WH-0002,STORE-0010,2023-05-12,2023-05-12,54
PO-0456,WH-0002,STORE-0001,2023-05-15,2023-05-15,17
PO-0457,WH-0002,STORE-0005,2024-02-21,2024-02-23,285
PO-0457,WH-0002,STORE-0004,2024-02-21,2024-02-22,114
PO-0458,WH-0001,STORE-0002,2023-08-13,2023-08-13,198
PO-0458,WH-0001,STORE-0008,2023-08-15,2023-08-15,36
PO-0458,WH-0001,STORE-0004,2023-08-17,2023-08-19,44
PO-0459,WH-0002,STORE-0008,2023-09-22,2023-09-23,28
PO-0459,WH-0002,STORE-0007,2023-09-24,2023-09-24,232
PO-0460,WH-0003,STORE-0005,2023-03-08,2023-03-08,120
PO-0461,WH-0002,STORE-0008,2024-06-30,2024-07-01,393
PO-0461,WH-0002,STORE-0002,2024-07-03,2024-07-03,63
PO-0462,WH-0003,STORE-0008,2024-01-14,2024-01-15,45
PO-0462,WH-0003,STORE-0001,2024-01-15,2024-01-17,53
PO-0462,WH-0003,STORE-0003,2024-01-15,2024-01-16,128
PO-0463,WH-0001,STORE-0003,2023-12-07,2023-12-07,35
PO-0463,WH-0001,STORE-0003,2023-12-07,2023-12-08,14
PO-0463,WH-0001,STORE-0003,2023-12-09,2023-12-09,14
PO-0464,WH-0002,STORE-0008,2023-02-17,2023-02-19,23
PO-0464,WH-0002,STORE-0002,2023-02-17,2023-02-18,43
PO-0464,WH-0002,STORE-0008,2023-02-19,2023-02-19,13
PO-0465,WH-0001,STORE-0004,2024-07-05,2024-07-05,169
PO-0466,WH-0003,STORE-0002,2023-09-24,2023-09-24,323
PO-0467,WH-0002,STORE-0006,2023-03-14,2023-03-14,483
PO-0468,WH-0003,STORE-0003,2024-01-04,2024-01-06,353
PO-0469,WH-0003,STORE-0009,2024-01-16,2024-01-16,340
PO-0470,WH-0002,STORE-0010,2023-07-29,2023-07-29,107
PO-0470,WH-0002,STORE-0007,2023-08-01,2023-08-01,220
PO-0471,WH-0003,STORE-0006,2023-02-12,2023-02-13,358
PO-0472,WH-0002,STORE-0006,2024-05-08,2024-05-08,153
PO-0473,WH-0003,STORE-0004,2023-07-17,2023-07-17,80
PO-0474,WH-0001,STORE-0001,2023-06-12,2023-06-12,198
PO-0474,WH-0001,STORE-0005,2023-06-13,2023-06-15,220
PO-0474,WH-0001,STORE-0002,2023-06-16,2023-06-18,72
PO-0475,WH-0002,STORE-0006,2024-02-01,2024-02-03,317
PO-0475,WH-0002,STORE-0003,2024-02-04,2024-02-05,33
PO-0476,WH-0002,STORE-0008,2023-12-04,2023-12-04,172
PO-0476,WH-0002,STORE-0010,2023-12-06,2023-12-08,19
PO-0476,WH-0002,STORE-0007,2023-12-09,2023-12-11,264
PO-0477,WH-0003,STORE-0001,2023-11-28,2023-11-28,370
PO-0477,WH-0003,STORE-0005,2023-11-28,2023-11-28,13
PO-0477,WH-0003,STORE-0004,2023-12-01,2023-12-03,22
PO-0478,WH-0002,STORE-0006,2024-01-07,2024-01-08,467
PO-0479,WH-0002,STORE-0007,2023-11-03,2023-11-03,409
PO-0480,WH-0003,STORE-0010,2024-08-09,2024-08-10,212
PO-0481,WH-0003,STORE-0006,2023-08-29,2023-08-31,304
PO-0482,WH-0001,STORE-0005,2023-03-28,2023-03-28,92
PO-0482,WH-0001,STORE-0006,2023-03-29,2023-03-30,33
PO-0482,WH-0001,STORE-0004,2023-03-30,2023-04-01,10
PO-0483,WH-0001,STORE-0010,2023-12-20,2023-12-21,66
PO-0483,WH-0001,STORE-0008,2023-12-22,2023-12-24,33
PO-0483,WH-0001,STORE-0002,2023-12-22,2023-12-23,58
PO-0484,WH-0002,STORE-0003,2024-01-01,2024-01-01,418
PO-0485,WH-0002,STORE-0010,2024-04-07,2024-04-09,261
PO-0486,WH-0003,STORE-0002,2024-01-08,2024-01-09,474
PO-0487,WH-0002,STORE-0004,2023-08-24,2023-08-24,379
PO-0487,WH-0002,STORE-0003,2023-08-27,2023-08-29,80
PO-0488,WH-0002,STORE-0004,2023-01-30,2023-01-31,67
PO-0488,WH-0002,STORE-0002,2023-02-02,2023-02-03,20
PO-0489,WH-0003,STORE-0008,2023-06-28,2023-06-29,70
PO-0489,WH-0003,STORE-0003,2023-07-01,2023-07-02,27
PO-0490,WH-0002,STORE-0005,2024-05-24,2024-05-26,52
PO-0490,WH-0002,STORE-0009,2024-05-25,2024-05-27,332
PO-0491,WH-0002,STORE-0005,2023-06-14,2023-06-15,128
PO-0491,WH-0002,STORE-0007,2023-06-16,2023-06-18,27
PO-0492,WH-0002,STORE-0003,2024-08-05,2024-08-07,185
PO-0493,WH-0002,STORE-0004,2023-09-05,2023-09-05,342
PO-0494,WH-0003,STORE-0006,2023-06-12,2023-06-13,195
PO-0494,WH-0003,STORE-0007,2023-06-15,2023-06-17,36
PO-0494,WH-0003,STORE-0007,2023-06-17,2023-06-18,37
PO-0495,WH-0002,STORE-0007,2024-05-14,2024-05-14,28
PO-0495,WH-0002,STORE-0010,2024-05-14,2024-05-14,59
PO-0495,WH-0002,STORE-0007,2024-05-15,2024-05-16,68
PO-0496,WH-0002,STORE-0006,2023-04-06,2023-04-08,135
PO-0496,WH-0002,STORE-0007,2023-04-06,2023-04-07,51
PO-0496,WH-0002,STORE-0004,2023-04-07,2023-04-08,21
PO-0497,WH-0001,STORE-0001,2024-05-30,2024-06-01,356
PO-0497,WH-0001,STORE-0005,2024-05-31,2024-06-02,22
PO-0498,WH-0002,STORE-0004,2024-01-24,2024-01-26,140
PO-0498,WH-0002,STORE-0002,2024-01-25,2024-01-25,11
PO-0498,WH-0002,STORE-0007,2024-01-28,2024-01-30,127
PO-0499,WH-0003,STORE-0003,2024-04-28,2024-04-29,226
PO-0499,WH-0003,STORE-0005,2024-04-30,2024-05-02,98
PO-0499,WH-0003,STORE-0010,2024-05-03,2024-05-04,14
PO-0500,WH-0003,STORE-0010,2023-04-14,2023-04-15,65
PO-0500,WH-0003,STORE-0004,2023-04-15,2023-04-17,147
PO-0500,WH-0003,STORE-0005,2023-04-18,2023-04-18,251
PO-0501,WH-0003,STORE-0002,2023-09-01,2023-09-03,59
PO-0501,WH-0003,STORE-0009,2023-09-04,2023-09-05,410
PO-0502,WH-0002,STORE-0003,2024-05-14,2024-05-15,97
PO-0502,WH-0002,STORE-0004,2024-05-15,2024-05-16,44
PO-0502,WH-0002,STORE-0009,2024-05-16,2024-05-16,152
PO-0503,WH-0003,STORE-0004,2023-02-16,2023-02-16,105
PO-0503,WH-0003,STORE-0005,2023-02-17,2023-02-18,108
PO-0503,WH-0003,STORE-0010,2023-02-20,2023-02-20,246
PO-0504,WH-0001,STORE-0002,2023-06-05,2023-06-06,138
PO-0505,WH-0003,STORE-0001,2023-08-20,2023-08-22,31
PO-0505,WH-0003,STORE-0008,2023-08-21,2023-08-22,40
PO-0506,WH-0002,STORE-0005,2024-03-27,2024-03-27,477
PO-0507,WH-0002,STORE-0009,2023-03-14,2023-03-14,253
PO-0508,WH-0003,STORE-0005,2024-06-28,2024-06-29,399
PO-0508,WH-0003,STORE-0010,2024-07-01,2024-07-02,31
PO-0508,WH-0003,STORE-0006,2024-07-03,2024-07-05,22
PO-0509,WH-0003,STORE-0006,2024-07-04,2024-07-06,250
PO-0509,WH-0003,STORE-0007,2024-07-07,2024-07-09,12
PO-0510,WH-0002,STORE-0001,2024-09-04,2024-09-05,61
PO-0510,WH-0002,STORE-0003,2024-09-07,2024-09-07,277
PO-0511,WH-0002,STORE-0006,2024-07-11,2024-07-12,73
PO-0511,WH-0002,STORE-0007,2024-07-14,2024-07-16,75
PO-0511,WH-0002,STORE-0001,2024-07-15,2024-07-17,37
PO-0512,WH-0001,STORE-0006,2024-08-22,2024-08-22,138
PO-0513,WH-0003,STORE-0010,2024-02-20,2024-02-21,129
PO-0513,WH-0003,STORE-0010,2024-02-23,2024-02-23,199
PO-0513,WH-0003,STORE-0007,2024-02-25,2024-02-26,75
PO-0514,WH-0002,STORE-0010,2024-05-09,2024-05-09,28
PO-0514,WH-0002,STORE-0010,2024-05-10,2024-05-12,18
PO-0514,WH-0002,STORE-0003,2024-05-10,2024-05-11,14
PO-0515,WH-0001,STORE-0008,2023-11-24,2023-11-24,290
PO-0515,WH-0001,STORE-0002,2023-11-27,2023-11-28,199
PO-0516,WH-0002,STORE-0003,2023-08-27,2023-08-29,446
PO-0517,WH-0002,STORE-0001,2024-03-15,2024-03-15,146
PO-0518,WH-0001,STORE-0005,2024-05-27,2024-05-29,122
PO-0518,WH-0001,STORE-0002,2024-05-30,2024-06-01,348
PO-0519,WH-0003,STORE-0008,2023-03-18,2023-03-18,195
PO-0519,WH-0003,STORE-0010,2023-03-20,2023-03-22,24
PO-0519,WH-0003,STORE-0006,2023-03-20,2023-03-21,37
PO-0520,WH-0001,STORE-0009,2024-08-10,2024-08-11,411
PO-0520,WH-0001,STORE-0005,2024-08-11,2024-08-11,38
PO-0520,WH-0001,STORE-0002,2024-08-13,2024-08-13,49
PO-0521,WH-0002,STORE-0004,2023-09-18,2023-09-20,161
PO-0521,WH-0002,STORE-0010,2023-09-18,2023-09-19,73
PO-0522,WH-0003,STORE-0001,2024-01-24,2024-01-25,305
PO-0522,WH-0003,STORE-0010,2024-01-24,2024-01-26,70
PO-0523,WH-0002,STORE-0006,2023-02-08,2023-02-10,173
PO-0523,WH-0002,STORE-0009,2023-02-09,2023-02-11,181
PO-0524,WH-0002,STORE-0001,2024-09-04,2024-09-06,133
PO-0525,WH-0003,STORE-0005,2023-04-10,2023-04-10,62
PO-0525,WH-0003,STORE-0008,2023-04-13,2023-04-13,13
PO-0526,WH-0003,STORE-0001,2023-08-16,2023-08-18,396
PO-0527,WH-0003,STORE-0005,2024-03-08,2024-03-10,73
PO-0527,WH-0003,STORE-0004,2024-03-11,2024-03-12,219
PO-0528,WH-0002,STORE-0006,2023-07-10,2023-07-10,25
PO-0528,WH-0002,STORE-0004,2023-07-11,2023-07-13,118
PO-0528,WH-0002,STORE-0003,2023-07-11,2023-07-12,21
PO-0529,WH-0002,STORE-0003,2023-10-20,2023-10-20,444
PO-0529,WH-0002,STORE-0006,2023-10-23,2023-10-24,42
PO-0530,WH-0003,STORE-0002,2023-08-23,2023-08-25,210
PO-0530,WH-0003,STORE-0005,2023-08-25,2023-08-27,262
PO-0531,WH-0003,STORE-0002,2023-04-20,2023-04-20,211
PO-0531,WH-0003,STORE-0010,2023-04-22,2023-04-22,106
PO-0531,WH-0003,STORE-0008,2023-04-24,2023-04-26,20
PO-0532,WH-0002,STORE-0008,2023-10-24,2023-10-25,236
PO-0532,WH-0002,STORE-0004,2023-10-25,2023-10-27,23
PO-0532,WH-0002,STORE-0001,2023-10-26,2023-10-27,37
PO-0533,WH-0001,STORE-0007,2023-12-06,2023-12-08,58
PO-0533,WH-0001,STORE-0002,2023-12-07,2023-12-08,17
PO-0533,WH-0001,STORE-0003,2023-12-10,2023-12-10,71
PO-0534,WH-0003,STORE-0010,2023-03-17,2023-03-18,96
PO-0534,WH-0003,STORE-0004,2023-03-18,2023-03-18,113
PO-0534,WH-0003,STORE-0004,2023-03-18,2023-03-19,47
PO-0535,WH-0002,STORE-0003,2023-06-09,2023-06-11,162
PO-0535,WH-0002,STORE-0002,2023-06-12,2023-06-13,39
PO-0536,WH-0003,STORE-0006,2024-03-01,2024-03-01,237
PO-0536,WH-0003,STORE-0002,2024-03-01,2024-03-01,111
PO-0537,WH-0002,STORE-0009,2023-07-24,2023-07-24,352
PO-0537,WH-0002,STORE-0010,2023-07-24,2023-07-26,49
PO-0538,WH-0003,STORE-0002,2024-01-16,2024-01-18,391
PO-0538,WH-0003,STORE-0007,2024-01-17,2024-01-18,89
PO-0539,WH-0003,STORE-0002,2023-07-14,2023-07-15,26
PO-0539,WH-0003,STORE-0009,2023-07-14,2023-07-14,89
PO-0540,WH-0003,STORE-0009,2024-08-10,2024-08-12,211
PO-0540,WH-0003,STORE-0009,2024-08-13,2024-08-15,26
PO-0540,WH-0003,STORE-0004,2024-08-13,2024-08-15,161
PO-0541,WH-0002,STORE-0003,2023-04-10,2023-04-10,431
PO-0542,WH-0001,STORE-0003,2023-12-14,2023-12-16,20
PO-0542,WH-0001,STORE-0003,2023-12-15,2023-12-15,180
PO-0543,WH-0001,STORE-0002,2024-04-29,2024-05-01,347
PO-0544,WH-0003,STORE-0007,2024-05-06,2024-05-08,97
PO-0544,WH-0003,STORE-0004,2024-05-06,2024-05-07,397
PO-0545,WH-0002,STORE-0009,2023-11-12,2023-11-13,94
PO-0545,WH-0002,STORE-0008,2023-11-13,2023-11-15,14
PO-0545,WH-0002,STORE-0009,2023-11-15,2023-11-16,12
PO-0546,WH-0003,STORE-0001,2024-03-07,2024-03-07,94
PO-0546,WH-0003,STORE-0003,2024-03-07,2024-03-08,13
PO-0546,WH-0003,STORE-0003,2024-03-08,2024-03-10,16
PO-0547,WH-0001,STORE-0003,2023-07-20,2023-07-22,81
PO-0547,WH-0001,STORE-0009,2023-07-23,2023-07-24,19
PO-0547,WH-0001,STORE-0007,2023-07-25,2023-07-27,120
PO-0548,WH-0001,STORE-0005,2023-12-01,2023-12-03,52
PO-0548,WH-0001,STORE-0003,2023-12-04,2023-12-06,229
PO-0549,WH-0001,STORE-0005,2024-08-30,2024-09-01,452
PO-0550,WH-0002,STORE-0009,2023-05-26,2023-05-28,154
PO-0550,WH-0002,STORE-0003,2023-05-27,2023-05-28,63
PO-0550,WH-0002,STORE-0007,2023-05-30,2023-05-30,39
PO-0551,WH-0001,STORE-0002,2024-02-01,2024-02-03,152
PO-0552,WH-0001,STORE-0002,2023-12-13,2023-12-14,114
PO-0552,WH-0001,STORE-0006,2023-12-13,2023-12-14,15
PO-0552,WH-0001,STORE-0004,2023-12-14,2023-12-15,18
PO-0553,WH-0002,STORE-0004,2023-09-19,2023-09-20,209
PO-0554,WH-0002,STORE-0009,2024-06-11,2024-06-13,83
PO-0555,WH-0002,STORE-0009,2023-11-05,2023-11-06,58
PO-0555,WH-0002,STORE-0010,2023-11-07,2023-11-07,148
PO-0555,WH-0002,STORE-0003,2023-11-07,2023-11-08,149
PO-0556,WH-0001,STORE-0009,2023-05-27,2023-05-29,233
PO-0557,WH-0001,STORE-0005,2024-02-23,2024-02-23,75
PO-0557,WH-0001,STORE-0003,2024-02-24,2024-02-24,347
PO-0558,WH-0003,STORE-0001,2023-02-06,2023-02-08,44
PO-0558,WH-0003,STORE-0004,2023-02-08,2023-02-10,55
PO-0558,WH-0003,STORE-0008,2023-02-11,2023-02-11,14
PO-0559,WH-0001,STORE-0005,2023-02-18,2023-02-19,267
PO-0559,WH-0001,STORE-0009,2023-02-21,2023-02-23,177
PO-0560,WH-0002,STORE-0002,2023-03-06,2023-03-07,64
PO-0560,WH-0002,STORE-0006,2023-03-09,2023-03-09,10
PO-0561,WH-0001,STORE-0004,2024-04-10,2024-04-10,179
PO-0562,WH-0001,STORE-0005,2023-08-13,2023-08-15,31
PO-0562,WH-0001,STORE-0007,2023-08-16,2023-08-18,12
PO-0562,WH-0001,STORE-0008,2023-08-17,2023-08-18,161
PO-0563,WH-0001,STORE-0004,2024-06-23,2024-06-25,325
PO-0563,WH-0001,STORE-0007,2024-06-23,2024-06-25,83
PO-0564,WH-0001,STORE-0009,2024-06-23,2024-06-25,194
PO-0565,WH-0003,STORE-0009,2024-05-31,2024-05-31,96
PO-0565,WH-0003,STORE-0006,2024-06-01,2024-06-01,48
PO-0565,WH-0003,STORE-0001,2024-06-03,2024-06-04,304
PO-0566,WH-0003,STORE-0002,2023-08-03,2023-08-04,105
PO-0566,WH-0003,STORE-0009,2023-08-04,2023-08-04,96
PO-0567,WH-0001,STORE-0005,2024-05-30,2024-05-30,85
PO-0567,WH-0001,STORE-0010,2024-05-30,2024-05-31,134
PO-0568,WH-0001,STORE-0001,2023-04-08,2023-04-09,273
PO-0568,WH-0001,STORE-0001,2023-04-11,2023-04-12,119
PO-0569,WH-0002,STORE-0005,2024-06-12,2024-06-13,94
PO-0569,WH-0002,STORE-0006,2024-06-12,2024-06-14,10
PO-0569,WH-0002,STORE-0007,2024-06-13,2024-06-14,77
PO-0570,WH-0001,STORE-0008,2023-11-08,2023-11-08,101
PO-0571,WH-0001,STORE-0003,2023-11-04,2023-11-05,240
PO-0571,WH-0001,STORE-0001,2023-11-04,2023-11-04,17
PO-0571,WH-0001,STORE-0004,2023-11-06,2023-11-07,11
PO-0572,WH-0002,STORE-0007,2023-02-20,2023-02-20,196
PO-0572,WH-0002,STORE-0002,2023-02-22,2023-02-23,193
PO-0573,WH-0002,STORE-0006,2024-01-12,2024-01-14,499
PO-0574,WH-0002,STORE-0004,2023-12-23,2023-12-23,254
PO-0575,WH-0001,STORE-0007,2024-02-13,2024-02-14,78
PO-0575,WH-0001,STORE-0001,2024-02-15,2024-02-15,381
PO-0576,WH-0002,STORE-0002,2023-05-03,2023-05-04,146
PO-0576,WH-0002,STORE-0009,2023-05-06,2023-05-07,336
PO-0577,WH-0002,STORE-0007,2024-05-25,2024-05-25,74
PO-0577,WH-0002,STORE-0002,2024-05-25,2024-05-25,68
PO-0578,WH-0001,STORE-0009,2023-02-13,2023-02-13,297
PO-0579,WH-0001,STORE-0006,2024-03-09,2024-03-10,183
PO-0580,WH-0003,STORE-0005,2024-07-07,2024-07-08,158
PO-0580,WH-0003,STORE-0007,2024-07-07,2024-07-07,262
PO-0581,WH-0003,STORE-0004,2023-12-26,2023-12-27,33
PO-0581,WH-0003,STORE-0004,2023-12-26,2023-12-28,26
PO-0581,WH-0003,STORE-0004,2023-12-29,2023-12-30,39
PO-0582,WH-0003,STORE-0010,2023-09-24,2023-09-24,74
PO-0582,WH-0003,STORE-0004,2023-09-25,2023-09-25,19
PO-0582,WH-0003,STORE-0007,2023-09-26,2023-09-26,33
PO-0583,WH-0002,STORE-0007,2023-02-28,2023-02-28,308
PO-0584,WH-0002,STORE-0007,2023-06-23,2023-06-24,214
PO-0585,WH-0001,STORE-0004,2023-03-06,2023-03-07,128
PO-0585,WH-0001,STORE-0001,2023-03-09,2023-03-11,132
PO-0585,WH-0001,STORE-0001,2023-03-12,2023-03-13,119
PO-0586,WH-0002,STORE-0006,2023-04-02,2023-04-04,153
PO-0586,WH-0002,STORE-0004,2023-04-05,2023-04-06,126
PO-0587,WH-0001,STORE-0001,2024-04-10,2024-04-10,431
PO-0588,WH-0001,STORE-0008,2024-02-28,2024-02-29,331
PO-0589,WH-0002,STORE-0008,2023-11-19,2023-11-20,139
PO-0589,WH-0002,STORE-0005,2023-11-21,2023-11-21,246
PO-0590,WH-0003,STORE-0009,2024-01-11,2024-01-11,359
PO-0590,WH-0003,STORE-0006,2024-01-13,2024-01-15,56
PO-0590,WH-0003,STORE-0004,2024-01-15,2024-01-17,67
PO-0591,WH-0001,STORE-0007,2024-05-15,2024-05-15,416
PO-0592,WH-0002,STORE-0010,2023-08-21,2023-08-21,474
PO-0593,WH-0002,STORE-0004,2024-07-27,2024-07-27,62
PO-0593,WH-0002,STORE-0002,2024-07-30,2024-08-01,10
PO-0593,WH-0002,STORE-0005,2024-08-01,2024-08-03,1
PO-0594,WH-0001,STORE-0003,2023-06-09,2023-06-09,104
PO-0595,WH-0001,STORE-0009,2023-07-17,2023-07-19,160
PO-0596,WH-0003,STORE-0008,2023-12-18,2023-12-20,33
PO-0596,WH-0003,STORE-0002,2023-12-18,2023-12-19,23
PO-0596,WH-0003,STORE-0009,2023-12-21,2023-12-23,17
PO-0597,WH-0003,STORE-0005,2023-05-24,2023-05-26,284
PO-0598,WH-0002,STORE-0001,2023-05-28,2023-05-30,299
PO-0598,WH-0002,STORE-0007,2023-05-29,2023-05-30,127
PO-0599,WH-0001,STORE-0009,2024-09-02,2024-09-03,449
PO-0600,WH-0003,STORE-0004,2024-08-22,2024-08-22,44
PO-0600,WH-0003,STORE-0003,2024-08-22,2024-08-24,59
PO-0601,WH-0003,STORE-0009,2023-12-09,2023-12-10,12
PO-0601,WH-0003,STORE-0004,2023-12-11,2023-12-12,87
PO-0601,WH-0003,STORE-0009,2023-12-13,2023-12-13,165
PO-0602,WH-0001,STORE-0009,2023-09-19,2023-09-19,200
PO-0603,WH-0003,STORE-0003,2023-06-02,2023-06-03,203
PO-0604,WH-0001,STORE-0004,2023-12-02,2023-12-02,338
PO-0604,WH-0001,STORE-0001,2023-12-02,2023-12-04,35
PO-0605,WH-0001,STORE-0006,2023-11-09,2023-11-09,198
PO-0605,WH-0001,STORE-0003,2023-11-11,2023-11-12,194
PO-0605,WH-0001,STORE-0006,2023-11-13,2023-11-13,21
PO-0606,WH-0002,STORE-0005,2024-06-10,2024-06-10,384
PO-0606,WH-0002,STORE-0001,2024-06-12,2024-06-14,29
PO-0607,WH-0003,STORE-0007,2024-08-10,2024-08-12,362
PO-0607,WH-0003,STORE-0009,2024-08-12,2024-08-12,19
PO-0607,WH-0003,STORE-0004,2024-08-15,2024-08-16,10
PO-0608,WH-0001,STORE-0007,2024-07-09,2024-07-09,463
PO-0609,WH-0002,STORE-0007,2023-02-06,2023-02-07,393
PO-0610,WH-0003,STORE-0003,2023-06-21,2023-06-22,73
PO-0610,WH-0003,STORE-0003,2023-06-22,2023-06-22,51
PO-0611,WH-0002,STORE-0005,2023-11-05,2023-11-05,51
PO-0611,WH-0002,STORE-0003,2023-11-07,2023-11-08,10
PO-0611,WH-0002,STORE-0002,2023-11-08,2023-11-08,5
PO-0612,WH-0003,STORE-0007,2023-04-27,2023-04-27,242
PO-0612,WH-0003,STORE-0001,2023-04-28,2023-04-30,250
PO-0613,WH-0003,STORE-0002,2024-08-07,2024-08-07,20
PO-0613,WH-0003,STORE-0003,2024-08-07,2024-08-07,431
PO-0614,WH-0003,STORE-0010,2023-11-05,2023-11-05,170
PO-0614,WH-0003,STORE-0002,2023-11-05,2023-11-07,75
PO-0615,WH-0003,STORE-0003,2023-11-28,2023-11-29,113
PO-0615,WH-0003,STORE-0005,2023-12-01,2023-12-02,93
PO-0615,WH-0003,STORE-0003,2023-12-04,2023-12-04,224
PO-0616,WH-0003,STORE-0009,2024-04-06,2024-04-06,146
PO-0616,WH-0003,STORE-0002,2024-04-06,2024-04-08,32
PO-0616,WH-0003,STORE-0002,2024-04-08,2024-04-10,258
PO-0617,WH-0003,STORE-0004,2023-08-05,2023-08-05,200
PO-0618,WH-0002,STORE-0006,2023-03-24,2023-03-26,28
PO-0618,WH-0002,STORE-0004,2023-03-26,2023-03-28,83
PO-0619,WH-0002,STORE-0002,2023-10-26,2023-10-27,115
PO-0619,WH-0002,STORE-0004,2023-10-27,2023-10-27,10
PO-0619,WH-0002,STORE-0006,2023-10-29,2023-10-29,7
PO-0620,WH-0002,STORE-0002,2023-01-15,2023-01-15,70
PO-0621,WH-0002,STORE-0009,2023-03-10,2023-03-11,481
PO-0622,WH-0003,STORE-0005,2024-08-21,2024-08-23,86
PO-0622,WH-0003,STORE-0002,2024-08-23,2024-08-24,188
PO-0622,WH-0003,STORE-0006,2024-08-26,2024-08-27,177
PO-0623,WH-0002,STORE-0003,2023-08-19,2023-08-20,452
PO-0624,WH-0001,STORE-0008,2024-07-22,2024-07-22,194
PO-0624,WH-0001,STORE-0010,2024-07-22,2024-07-23,34
PO-0625,WH-0003,STORE-0006,2023-12-14,2023-12-14,161
PO-0626,WH-0002,STORE-0008,2024-07-08,2024-07-09,50
PO-0626,WH-0002,STORE-0007,2024-07-11,2024-07-13,58
PO-0627,WH-0003,STORE-0004,2023-09-19,2023-09-20,174
PO-0628,WH-0003,STORE-0009,2023-12-05,2023-12-06,147
PO-0628,WH-0003,STORE-0002,2023-12-06,2023-12-08,59
PO-0628,WH-0003,STORE-0009,2023-12-09,2023-12-11,41
PO-0629,WH-0003,STORE-0006,2023-10-20,2023-10-20,130
PO-0629,WH-0003,STORE-0006,2023-10-21,2023-10-23,18
PO-0629,WH-0003,STORE-0003,2023-10-24,2023-10-24,322
PO-0630,WH-0001,STORE-0005,2024-06-15,2024-06-16,45
PO-0630,WH-0001,STORE-0009,2024-06-16,2024-06-17,156
PO-0631,WH-0003,STORE-0001,2023-12-06,2023-12-08,135
PO-0632,WH-0001,STORE-0003,2024-07-05,2024-07-06,157
PO-0633,WH-0003,STORE-0001,2024-03-15,2024-03-17,200
PO-0633,WH-0003,STORE-0010,2024-03-15,2024-03-15,179
PO-0633,WH-0003,STORE-0010,2024-03-18,2024-03-18,95
PO-0634,WH-0001,STORE-0003,2024-04-04,2024-04-04,432
PO-0635,WH-0001,STORE-0010,2024-04-29,2024-04-30,94
PO-0636,WH-0002,STORE-0003,2023-09-27,2023-09-29,470
PO-0637,WH-0002,STORE-0006,2024-03-03,2024-03-04,194
PO-0637,WH-0002,STORE-0005,2024-03-03,2024-03-03,77
PO-0638,WH-0003,STORE-0001,2023-05-15,2023-05-17,82
PO-0639,WH-0001,STORE-0007,2023-03-02,2023-03-03,12
PO-0639,WH-0001,STORE-0005,2023-03-05,2023-03-07,151
PO-0639,WH-0001,STORE-0004,2023-03-07,2023-03-08,70
PO-0640,WH-0002,STORE-0007,2023-11-08,2023-11-08,277
PO-0640,WH-0002,STORE-0007,2023-11-09,2023-11-11,83
PO-0641,WH-0001,STORE-0003,2024-02-05,2024-02-07,292
PO-0642,WH-0001,STORE-0006,2023-06-04,2023-06-06,132
PO-0642,WH-0001,STORE-0003,2023-06-07,2023-06-07,34
PO-0642,WH-0001,STORE-0007,2023-06-09,2023-06-09,35
PO-0643,WH-0003,STORE-0002,2023-11-15,2023-11-16,55
PO-0644,WH-0003,STORE-0005,2023-05-29,2023-05-29,343
PO-0645,WH-0003,STORE-0010,2024-07-18,2024-07-18,433
PO-0646,WH-0001,STORE-0004,2023-12-27,2023-12-29,122
PO-0647,WH-0001,STORE-0002,2023-09-23,2023-09-25,393
PO-0648,WH-0001,STORE-0001,2024-07-27,2024-07-28,15
PO-0648,WH-0001,STORE-0001,2024-07-27,2024-07-28,29
PO-0648,WH-0001,STORE-0007,2024-07-29,2024-07-31,43
PO-0649,WH-0002,STORE-0003,2023-09-19,2023-09-21,192
PO-0649,WH-0002,STORE-0006,2023-09-19,2023-09-20,107
PO-0650,WH-0001,STORE-0010,2023-05-25,2023-05-26,13
PO-0650,WH-0001,STORE-0005,2023-05-28,2023-05-28,14
PO-0650,WH-0001,STORE-0008,2023-05-29,2023-05-29,74
PO-0651,WH-0002,STORE-0003,2023-07-26,2023-07-28,65
PO-0651,WH-0002,STORE-0009,2023-07-27,2023-07-29,138
PO-0651,WH-0002,STORE-0008,2023-07-29,2023-07-29,15
PO-0652,WH-0002,STORE-0007,2024-08-27,2024-08-27,169
PO-0652,WH-0002,STORE-0004,2024-08-30,2024-08-30,67
PO-0653,WH-0003,STORE-0008,2023-06-27,2023-06-27,452
PO-0654,WH-0002,STORE-0009,2024-03-30,2024-03-30,118
PO-0655,WH-0003,STORE-0006,2024-05-17,2024-05-17,446
PO-0656,WH-0001,STORE-0005,2023-04-27,2023-04-29,91
PO-0657,WH-0001,STORE-0003,2024-07-11,2024-07-13,46
PO-0657,WH-0001,STORE-0005,2024-07-14,2024-07-15,376
PO-0658,WH-0003,STORE-0002,2024-06-18,2024-06-20,81
PO-0658,WH-0003,STORE-0001,2024-06-21,2024-06-22,265
PO-0659,WH-0003,STORE-0008,2023-08-10,2023-08-11,76
PO-0659,WH-0003,STORE-0006,2023-08-12,2023-08-12,252
PO-0660,WH-0003,STORE-0001,2024-05-12,2024-05-14,77
PO-0660,WH-0003,STORE-0009,2024-05-12,2024-05-12,72
PO-0660,WH-0003,STORE-0002,2024-05-13,2024-05-14,88
PO-0661,WH-0002,STORE-0007,2023-11-01,2023-11-01,311
PO-0662,WH-0003,STORE-0002,2024-06-02,2024-06-03,352
PO-0662,WH-0003,STORE-0008,2024-06-05,2024-06-07,132
PO-0663,WH-0003,STORE-0003,2023-07-04,2023-07-06,278
PO-0664,WH-0002,STORE-0007,2024-08-16,2024-08-17,112
PO-0664,WH-0002,STORE-0006,2024-08-16,2024-08-17,314
PO-0665,WH-0002,STORE-0008,2023-02-19,2023-02-19,168
PO-0666,WH-0002,STORE-0003,2023-08-31,2023-09-01,289
PO-0666,WH-0002,STORE-0004,2023-09-01,2023-09-02,26
PO-0667,WH-0003,STORE-0006,2024-02-13,2024-02-14,13
PO-0667,WH-0003,STORE-0001,2024-02-16,2024-02-16,23
PO-0667,WH-0003,STORE-0007,2024-02-16,2024-02-17,37
PO-0668,WH-0003,STORE-0003,2023-12-02,2023-12-02,52
PO-0668,WH-0003,STORE-0002,2023-12-04,2023-12-05,217
PO-0668,WH-0003,STORE-0007,2023-12-07,2023-12-09,105
PO-0669,WH-0002,STORE-0001,2023-10-10,2023-10-10,33
PO-0669,WH-0002,STORE-0005,2023-10-13,2023-10-13,53
PO-0669,WH-0002,STORE-0006,2023-10-14,2023-10-15,53
PO-0670,WH-0001,STORE-0007,2024-01-24,2024-01-25,92
PO-0670,WH-0001,STORE-0001,2024-01-27,2024-01-29,222
PO-0671,WH-0003,STORE-0010,2024-06-23,2024-06-25,299
PO-0672,WH-0001,STORE-0001,2023-01-20,2023-01-20,172
PO-0672,WH-0001,STORE-0003,2023-01-23,2023-01-24,103
PO-0673,WH-0002,STORE-0007,2024-06-25,2024-06-26,126
PO-0674,WH-0001,STORE-0008,2023-05-15,2023-05-17,334
PO-0674,WH-0001,STORE-0001,2023-05-15,2023-05-15,131
PO-0675,WH-0003,STORE-0010,2024-05-23,2024-05-24,52
PO-0675,WH-0003,STORE-0006,2024-05-24,2024-05-24,105
PO-0676,WH-0001,STORE-0006,2024-03-01,2024-03-02,11
PO-0676,WH-0001,STORE-0005,2024-03-01,2024-03-03,48
PO-0676,WH-0001,STORE-0008,2024-03-01,2024-03-03,56
PO-0677,WH-0001,STORE-0006,2023-06-01,2023-06-03,190
PO-0677,WH-0001,STORE-0009,2023-06-04,2023-06-05,153
PO-0678,WH-0003,STORE-0007,2023-09-28,2023-09-29,356
PO-0679,WH-0003,STORE-0009,2023-02-05,2023-02-06,30
PO-0679,WH-0003,STORE-0007,2023-02-08,2023-02-10,28
PO-0679,WH-0003,STORE-0010,2023-02-10,2023-02-10,35
PO-0680,WH-0001,STORE-0001,2024-05-07,2024-05-09,475
PO-0681,WH-0001,STORE-0010,2024-09-04,2024-09-06,387
PO-0682,WH-0002,STORE-0010,2023-12-28,2023-12-28,74
PO-0682,WH-0002,STORE-0004,2023-12-30,2023-12-30,11
PO-0683,WH-0003,STORE-0004,2023-05-21,2023-05-22,68
PO-0683,WH-0003,STORE-0008,2023-05-21,2023-05-22,99
PO-0683,WH-0003,STORE-0001,2023-05-24,2023-05-25,150
PO-0684,WH-0003,STORE-0005,2024-03-11,2024-03-12,44
PO-0684,WH-0003,STORE-0001,2024-03-14,2024-03-15,40
PO-0684,WH-0003,STORE-0001,2024-03-14,2024-03-14,56
PO-0685,WH-0002,STORE-0010,2023-02-26,2023-02-27,389
PO-0685,WH-0002,STORE-0003,2023-02-28,2023-03-02,46
PO-0686,WH-0002,STORE-0007,2023-05-28,2023-05-28,446
PO-0687,WH-0001,STORE-0007,2024-06-29,2024-06-29,407
PO-0688,WH-0003,STORE-0006,2024-05-23,2024-05-25,113
PO-0688,WH-0003,STORE-0004,2024-05-24,2024-05-24,65
PO-0688,WH-0003,STORE-0009,2024-05-25,2024-05-25,51
PO-0689,WH-0001,STORE-0003,2024-08-17,2024-08-18,151
PO-0689,WH-0001,STORE-0002,2024-08-18,2024-08-18,11
PO-0689,WH-0001,STORE-0001,2024-08-21,2024-08-23,18
PO-0690,WH-0001,STORE-0009,2023-04-05,2023-04-05,259
PO-0691,WH-0003,STORE-0003,2023-01-22,2023-01-23,316
PO-0692,WH-0001,STORE-0004,2023-08-13,2023-08-14,259
PO-0693,WH-0002,STORE-0005,2024-03-25,2024-03-27,106
PO-0693,WH-0002,STORE-0002,2024-03-25,2024-03-25,27
PO-0693,WH-0002,STORE-0010,2024-03-25,2024-03-25,50
PO-0694,WH-0001,STORE-0002,2024-08-11,2024-08-11,72
PO-0694,WH-0001,STORE-0005,2024-08-13,2024-08-13,326
PO-0695,WH-0003,STORE-0006,2024-03-11,2024-03-11,297
PO-0696,WH-0003,STORE-0001,2024-08-02,2024-08-03,345
PO-0697,WH-0003,STORE-0004,2024-02-28,2024-03-01,49
PO-0697,WH-0003,STORE-0007,2024-03-02,2024-03-03,383
PO-0698,WH-0003,STORE-0005,2023-06-19,2023-06-19,255
PO-0699,WH-0001,STORE-0010,2023-03-02,2023-03-02,333
PO-0699,WH-0001,STORE-0006,2023-03-02,2023-03-03,53
PO-0699,WH-0001,STORE-0003,2023-03-02,2023-03-04,75
PO-0700,WH-0002,STORE-0010,2024-05-09,2024-05-09,82
PO-0701,WH-0003,STORE-0003,2023-04-06,2023-04-06,204
PO-0701,WH-0003,STORE-0004,2023-04-08,2023-04-08,17
PO-0701,WH-0003,STORE-0003,2023-04-10,2023-04-10,34
PO-0702,WH-0003,STORE-0005,2023-11-06,2023-11-07,74
PO-0702,WH-0003,STORE-0002,2023-11-09,2023-11-10,112
PO-0702,WH-0003,STORE-0008,2023-11-11,2023-11-13,260
PO-0703,WH-0003,STORE-0004,2024-06-02,2024-06-03,214
PO-0703,WH-0003,STORE-0004,2024-06-03,2024-06-05,271
PO-0704,WH-0001,STORE-0003,2023-10-26,2023-10-26,169
PO-0704,WH-0001,STORE-0007,2023-10-29,2023-10-30,142
PO-0705,WH-0001,STORE-0006,2023-07-08,2023-07-10,79
PO-0705,WH-0001,STORE-0007,2023-07-08,2023-07-08,59
PO-0705,WH-0001,STORE-0006,2023-07-10,2023-07-12,34
PO-0706,WH-0002,STORE-0009,2023-04-06,2023-04-07,18
PO-0706,WH-0002,STORE-0005,2023-04-09,2023-04-11,212
PO-0707,WH-0001,STORE-0003,2024-08-29,2024-08-30,68
PO-0707,WH-0001,STORE-0003,2024-09-01,2024-09-02,359
PO-0708,WH-0002,STORE-0006,2024-07-23,2024-07-24,348
PO-0709,WH-0002,STORE-0006,2023-09-01,2023-09-03,12
PO-0709,WH-0002,STORE-0006,2023-09-01,2023-09-01,244
PO-0710,WH-0002,STORE-0009,2023-07-09,2023-07-09,129
PO-0710,WH-0002,STORE-0010,2023-07-12,2023-07-12,82
PO-0710,WH-0002,STORE-0002,2023-07-13,2023-07-15,125
PO-0711,WH-0003,STORE-0010,2023-12-21,2023-12-23,29
PO-0711,WH-0003,STORE-0006,2023-12-24,2023-12-25,121
PO-0711,WH-0003,STORE-0004,2023-12-25,2023-12-25,31
PO-0712,WH-0001,STORE-0007,2023-09-28,2023-09-28,150
PO-0712,WH-0001,STORE-0008,2023-09-28,2023-09-28,188
PO-0713,WH-0002,STORE-0010,2023-12-30,2023-12-30,131
PO-0713,WH-0002,STORE-0010,2024-01-01,2024-01-01,14
PO-0713,WH-0002,STORE-0005,2024-01-04,2024-01-04,205
PO-0714,WH-0001,STORE-0009,2023-05-09,2023-05-09,374
PO-0715,WH-0001,STORE-0008,2023-09-08,2023-09-08,27
PO-0715,WH-0001,STORE-0005,2023-09-11,2023-09-12,87
PO-0715,WH-0001,STORE-0007,2023-09-13,2023-09-13,116
PO-0716,WH-0002,STORE-0007,2023-10-05,2023-10-06,22
PO-0716,WH-0002,STORE-0008,2023-10-08,2023-10-10,232
PO-0717,WH-0001,STORE-0001,2023-04-01,2023-04-01,62
PO-0717,WH-0001,STORE-0001,2023-04-01,2023-04-01,231
PO-0718,WH-0001,STORE-0004,2024-08-19,2024-08-19,233
PO-0718,WH-0001,STORE-0004,2024-08-19,2024-08-21,72
PO-0719,WH-0003,STORE-0005,2023-09-12,2023-09-12,23
PO-0719,WH-0003,STORE-0005,2023-09-12,2023-09-12,16
PO-0719,WH-0003,STORE-0006,2023-09-14,2023-09-16,114
PO-0720,WH-0003,STORE-0003,2024-01-07,2024-01-09,31
PO-0720,WH-0003,STORE-0002,2024-01-10,2024-01-10,80
PO-0721,WH-0002,STORE-0007,2024-06-02,2024-06-04,71
PO-0722,WH-0001,STORE-0009,2023-11-29,2023-11-29,277
PO-0722,WH-0001,STORE-0008,2023-12-02,2023-12-03,179
PO-0722,WH-0001,STORE-0008,2023-12-04,2023-12-04,38
PO-0723,WH-0001,STORE-0002,2024-06-15,2024-06-16,374
PO-0723,WH-0001,STORE-0004,2024-06-16,2024-06-18,60
PO-0724,WH-0002,STORE-0001,2024-07-08,2024-07-08,326
PO-0725,WH-0003,STORE-0007,2024-02-21,2024-02-21,249
PO-0725,WH-0003,STORE-0006,2024-02-24,2024-02-24,13
PO-0725,WH-0003,STORE-0005,2024-02-26,2024-02-28,22
PO-0726,WH-0002,STORE-0002,2024-06-24,2024-06-24,42
PO-0726,WH-0002,STORE-0007,2024-06-25,2024-06-26,11
PO-0726,WH-0002,STORE-0007,2024-06-26,2024-06-26,3
PO-0727,WH-0001,STORE-0005,2024-08-22,2024-08-24,94
PO-0727,WH-0001,STORE-0003,2024-08-22,2024-08-23,269
PO-0728,WH-0002,STORE-0001,2024-07-22,2024-07-23,133
PO-0728,WH-0002,STORE-0001,2024-07-23,2024-07-24,78
PO-0728,WH-0002,STORE-0006,2024-07-26,2024-07-27,80
PO-0729,WH-0002,STORE-0007,2024-01-15,2024-01-15,100
PO-0729,WH-0002,STORE-0009,2024-01-16,2024-01-17,35
PO-0729,WH-0002,STORE-0001,2024-01-18,2024-01-19,22
PO-0730,WH-0003,STORE-0007,2024-01-18,2024-01-20,16
PO-0730,WH-0003,STORE-0004,2024-01-21,2024-01-22,126
PO-0731,WH-0002,STORE-0005,2023-08-27,2023-08-29,314
PO-0731,WH-0002,STORE-0009,2023-08-30,2023-08-31,147
PO-0732,WH-0001,STORE-0002,2024-02-01,2024-02-01,137
PO-0732,WH-0001,STORE-0001,2024-02-01,2024-02-03,23
PO-0732,WH-0001,STORE-0004,2024-02-03,2024-02-03,132
PO-0733,WH-0002,STORE-0007,2024-03-17,2024-03-18,217
PO-0733,WH-0002,STORE-0004,2024-03-17,2024-03-19,106
PO-0734,WH-0003,STORE-0004,2023-11-11,2023-11-12,20
PO-0734,WH-0003,STORE-0010,2023-11-13,2023-11-14,54
PO-0735,WH-0001,STORE-0009,2023-06-20,2023-06-22,293
PO-0736,WH-0003,STORE-0004,2024-04-20,2024-04-20,186
PO-0736,WH-0003,STORE-0002,2024-04-22,2024-04-22,31
PO-0736,WH-0003,STORE-0006,2024-04-23,2024-04-24,17
PO-0737,WH-0003,STORE-0008,2023-10-01,2023-10-02,112
PO-0738,WH-0002,STORE-0005,2023-08-04,2023-08-04,139
PO-0739,WH-0002,STORE-0008,2024-01-07,2024-01-09,190
PO-0739,WH-0002,STORE-0004,2024-01-07,2024-01-08,72
PO-0739,WH-0002,STORE-0001,2024-01-07,2024-01-07,37
PO-0740,WH-0001,STORE-0009,2023-04-02,2023-04-02,287
PO-0741,WH-0003,STORE-0005,2023-07-04,2023-07-06,265
PO-0742,WH-0002,STORE-0006,2024-02-24,2024-02-26,198
PO-0742,WH-0002,STORE-0008,2024-02-26,2024-02-27,27
PO-0743,WH-0002,STORE-0005,2023-11-09,2023-11-11,190
PO-0743,WH-0002,STORE-0009,2023-11-11,2023-11-13,190
PO-0744,WH-0001,STORE-0009,2024-01-22,2024-01-24,280
PO-0745,WH-0003,STORE-0004,2023-01-30,2023-02-01,388
PO-0746,WH-0002,STORE-0004,2023-03-30,2023-04-01,13
PO-0746,WH-0002,STORE-0006,2023-04-02,2023-04-02,89
PO-0747,WH-0001,STORE-0002,2024-07-19,2024-07-20,318
PO-0748,WH-0002,STORE-0006,2023-04-24,2023-04-25,43
PO-0748,WH-0002,STORE-0007,2023-04-27,2023-04-28,28
PO-0748,WH-0002,STORE-0004,2023-04-29,2023-04-29,22
PO-0749,WH-0001,STORE-0008,2023-11-19,2023-11-21,231
PO-0749,WH-0001,STORE-0002,2023-11-21,2023-11-21,19
PO-0749,WH-0001,STORE-0003,2023-11-24,2023-11-25,26
PO-0750,WH-0002,STORE-0009,2024-06-29,2024-07-01,329
PO-0750,WH-0002,STORE-0008,2024-06-30,2024-07-01,29
PO-0750,WH-0002,STORE-0005,2024-06-30,2024-06-30,31
PO-0751,WH-0001,STORE-0005,2024-05-12,2024-05-14,189
PO-0752,WH-0003,STORE-0005,2024-07-12,2024-07-12,283
PO-0753,WH-0002,STORE-0001,2024-08-11,2024-08-12,10
PO-0753,WH-0002,STORE-0006,2024-08-12,2024-08-13,198
PO-0754,WH-0002,STORE-0005,2024-07-14,2024-07-14,276
PO-0755,WH-0001,STORE-0002,2023-10-01,2023-10-02,39
PO-0755,WH-0001,STORE-0001,2023-10-02,2023-10-03,11
PO-0756,WH-0002,STORE-0007,2023-12-28,2023-12-29,54
PO-0757,WH-0001,STORE-0005,2024-05-11,2024-05-13,458
PO-0758,WH-0002,STORE-0007,2023-01-21,2023-01-23,260
PO-0759,WH-0002,STORE-0004,2024-02-15,2024-02-16,359
PO-0759,WH-0002,STORE-0009,2024-02-16,2024-02-16,63
PO-0759,WH-0002,STORE-0005,2024-02-18,2024-02-18,52
PO-0760,WH-0003,STORE-0009,2023-04-03,2023-04-03,246
PO-0760,WH-0003,STORE-0002,2023-04-06,2023-04-06,37
PO-0760,WH-0003,STORE-0006,2023-04-09,2023-04-11,31
PO-0761,WH-0001,STORE-0008,2023-10-14,2023-10-15,228
PO-0761,WH-0001,STORE-0008,2023-10-17,2023-10-17,236
PO-0762,WH-0003,STORE-0010,2023-03-17,2023-03-18,27
PO-0762,WH-0003,STORE-0010,2023-03-18,2023-03-20,79
PO-0763,WH-0001,STORE-0009,2024-04-17,2024-04-19,301
PO-0764,WH-0002,STORE-0003,2023-06-09,2023-06-10,145
PO-0765,WH-0001,STORE-0001,2023-10-10,2023-10-10,245
PO-0765,WH-0001,STORE-0005,2023-10-10,2023-10-12,177
PO-0766,WH-0002,STORE-0005,2023-06-09,2023-06-11,34
PO-0766,WH-0002,STORE-0006,2023-06-12,2023-06-12,191
PO-0767,WH-0001,STORE-0009,2024-01-28,2024-01-30,182
PO-0767,WH-0001,STORE-0009,2024-01-28,2024-01-28,16
PO-0767,WH-0001,STORE-0003,2024-01-31,2024-01-31,21
PO-0768,WH-0001,STORE-0001,2023-03-08,2023-03-09,49
PO-0768,WH-0001,STORE-0002,2023-03-09,2023-03-09,37
PO-0769,WH-0003,STORE-0002,2023-07-25,2023-07-27,474
PO-0770,WH-0001,STORE-0002,2023-09-21,2023-09-22,176
PO-0771,WH-0001,STORE-0001,2023-08-03,2023-08-03,210
PO-0771,WH-0001,STORE-0008,2023-08-05,2023-08-05,61
PO-0771,WH-0001,STORE-0009,2023-08-06,2023-08-07,45
PO-0772,WH-0003,STORE-0007,2024-05-10,2024-05-10,41
PO-0772,WH-0003,STORE-0003,2024-05-10,2024-05-12,57
PO-0772,WH-0003,STORE-0003,2024-05-11,2024-05-13,117
PO-0773,WH-0002,STORE-0005,2023-02-28,2023-03-02,158
PO-0773,WH-0002,STORE-0010,2023-02-28,2023-03-01,158
PO-0774,WH-0001,STORE-0007,2023-11-09,2023-11-11,210
PO-0774,WH-0001,STORE-0007,2023-11-09,2023-11-10,247
PO-0774,WH-0001,STORE-0001,2023-11-10,2023-11-11,35
PO-0775,WH-0002,STORE-0007,2023-09-14,2023-09-14,57
PO-0776,WH-0003,STORE-0010,2024-08-27,2024-08-28,54
PO-0777,WH-0001,STORE-0008,2024-05-15,2024-05-16,129
PO-0777,WH-0001,STORE-0003,2024-05-15,2024-05-16,111
PO-0778,WH-0003,STORE-0007,2023-06-23,2023-06-25,144
PO-0778,WH-0003,STORE-0003,2023-06-23,2023-06-25,79
PO-0779,WH-0001,STORE-0010,2023-03-08,2023-03-09,378
PO-0779,WH-0001,STORE-0003,2023-03-11,2023-03-12,31
PO-0780,WH-0002,STORE-0007,2023-05-19,2023-05-20,257
PO-0780,WH-0002,STORE-0010,2023-05-20,2023-05-22,78
PO-0781,WH-0003,STORE-0006,2024-04-10,2024-04-12,402
PO-0782,WH-0003,STORE-0002,2023-05-27,2023-05-27,216
PO-0782,WH-0003,STORE-0003,2023-05-27,2023-05-27,64
PO-0782,WH-0003,STORE-0002,2023-05-27,2023-05-28,18
PO-0783,WH-0003,STORE-0002,2023-11-09,2023-11-09,70
PO-0783,WH-0003,STORE-0007,2023-11-12,2023-11-12,77
PO-0784,WH-0003,STORE-0001,2024-01-01,2024-01-03,39
PO-0784,WH-0003,STORE-0006,2024-01-01,2024-01-03,123
PO-0784,WH-0003,STORE-0003,2024-01-01,2024-01-02,28
PO-0785,WH-0002,STORE-0003,2024-07-27,2024-07-29,58
PO-0785,WH-0002,STORE-0005,2024-07-28,2024-07-29,22
PO-0785,WH-0002,STORE-0005,2024-07-31,2024-07-31,49
PO-0786,WH-0002,STORE-0009,2024-07-16,2024-07-16,232
PO-0786,WH-0002,STORE-0001,2024-07-16,2024-07-18,159
PO-0786,WH-0002,STORE-0004,2024-07-16,2024-07-16,56
PO-0787,WH-0002,STORE-0007,2023-07-13,2023-07-15,447
PO-0788,WH-0002,STORE-0004,2023-03-19,2023-03-19,137
PO-0788,WH-0002,STORE-0009,2023-03-22,2023-03-23,10
PO-0789,WH-0002,STORE-0002,2024-07-25,2024-07-26,45
PO-0789,WH-0002,STORE-0002,2024-07-28,2024-07-30,106
PO-0789,WH-0002,STORE-0003,2024-07-28,2024-07-30,64
PO-0790,WH-0001,STORE-0008,2023-04-28,2023-04-28,72
PO-0791,WH-0001,STORE-0001,2023-07-07,2023-07-07,179
PO-0791,WH-0001,STORE-0007,2023-07-09,2023-07-11,42
PO-0791,WH-0001,STORE-0002,2023-07-11,2023-07-11,77
PO-0792,WH-0003,STORE-0010,2024-08-22,2024-08-22,386
PO-0793,WH-0001,STORE-0009,2023-09-25,2023-09-27,39
PO-0793,WH-0001,STORE-0010,2023-09-25,2023-09-26,321
PO-0794,WH-0001,STORE-0006,2023-08-15,2023-08-16,26
PO-0794,WH-0001,STORE-0006,2023-08-17,2023-08-17,61
PO-0794,WH-0001,STORE-0004,2023-08-18,2023-08-20,202
PO-0795,WH-0003,STORE-0008,2024-01-16,2024-01-16,130
PO-0795,WH-0003,STORE-0002,2024-01-16,2024-01-17,187
PO-0795,WH-0003,STORE-0009,2024-01-16,2024-01-17,153
PO-0796,WH-0002,STORE-0002,2023-03-15,2023-03-15,12
PO-0796,WH-0002,STORE-0009,2023-03-18,2023-03-18,58
PO-0797,WH-0003,STORE-0004,2023-03-28,2023-03-28,48
PO-0797,WH-0003,STORE-0001,2023-03-28,2023-03-28,53
PO-0798,WH-0003,STORE-0009,2024-02-07,2024-02-08,19
PO-0798,WH-0003,STORE-0007,2024-02-07,2024-02-09,208
PO-0798,WH-0003,STORE-0007,2024-02-08,2024-02-10,159
PO-0799,WH-0003,STORE-0008,2023-07-14,2023-07-14,39
PO-0799,WH-0003,STORE-0004,2023-07-16,2023-07-17,100
PO-0799,WH-0003,STORE-0001,2023-07-19,2023-07-19,123
PO-0800,WH-0001,STORE-0001,2024-08-23,2024-08-23,409
